id,company_name,industry,sub_industry,city,state,website,phone,contact_email,employee_count,estimated_revenue,founded_year,linkedin_url,growth_signals,source,description
1,Cedarbrook Freight,Logistics & Distribution,Wholesale Distribution,Salt Lake City,UT,https://www.cedarbrookfreight.com,(547) 150-9899,info@cedarbrookfreight.com,239,39440000,1977,https://www.linkedin.com/company/cedarbrookfreight,press mention;new location opened;website redesign,Industry Directory,"Cedarbrook Freight is a wholesale distribution business based in Salt Lake City, UT, operating in the logistics & distribution space since 1977."
2,Timber Fleet Co,Automotive Services,Auto Parts Distribution,Boise,ID,https://www.timberfleetco.com,(429) 137-4087,info@timberfleetco.com,183,45440000,2020,https://www.linkedin.com/company/timberfleetco,expanded service area;recent leadership change;hiring,State Business Registry,"Timber Fleet Co is a auto parts distribution business based in Boise, ID, operating in the automotive services space since 2020."
3,Anchor Wellness,Healthcare Services,Dental Practice,Richmond,VA,https://www.anchorwellness.com,(303) 774-8020,info@anchorwellness.com,75,18960000,1981,https://www.linkedin.com/company/anchorwellness,expanded service area,Industry Directory,"Anchor Wellness is a dental practice business based in Richmond, VA, operating in the healthcare services space since 1981."
4,Apex Care Network,Healthcare Services,Home Health Care,Tampa,FL,https://www.apexcarenetwork.com,(800) 799-6274,info@apexcarenetwork.com,118,30840000,1994,https://www.linkedin.com/company/apexcarenetwork,recent leadership change;expanded service area,Google Maps,"Apex Care Network is a home health care business based in Tampa, FL, operating in the healthcare services space since 1994."
5,Cascade Foods,Food & Beverage,Catering,Salt Lake City,UT,https://www.cascadefoods.com,(126) 319-9720,info@cascadefoods.com,120,14080000,2020,https://www.linkedin.com/company/cascadefoods,hiring;recent leadership change,State Business Registry,"Cascade Foods is a catering business based in Salt Lake City, UT, operating in the food & beverage space since 2020."
6,Redstone IT Group,IT Services & MSP,Managed IT,Tampa,FL,,(176) 112-2860,,34,9010000,1995,https://www.linkedin.com/company/redstoneitgroup,website redesign,Google Maps,"Redstone IT Group is a managed it business based in Tampa, FL, operating in the it services & msp space since 1995."
7,Pioneer Contracting,Construction,Specialty Trades,Nashville,TN,https://www.pioneercontracting.com,(500) 906-8480,info@pioneercontracting.com,65,17110000,2013,https://www.linkedin.com/company/pioneercontracting,press mention;new location opened;recent leadership change,State Business Registry,"Pioneer Contracting is a specialty trades business based in Nashville, TN, operating in the construction space since 2013."
8,Pioneer Education Partners,Education & Training,Childcare,Richmond,VA,https://www.pioneereducationpartners.com,(900) 606-4361,info@pioneereducationpartners.com,81,20610000,2011,https://www.linkedin.com/company/pioneereducationpartners,new location opened;hiring,LinkedIn Company Search,"Pioneer Education Partners is a childcare business based in Richmond, VA, operating in the education & training space since 2011."
9,Crestline Fabrication,Manufacturing,Metal Fabrication,Richmond,VA,https://www.crestlinefabrication.com,(529) 275-5979,info@crestlinefabrication.com,169,21170000,2003,https://www.linkedin.com/company/crestlinefabrication,new location opened;expanded service area,Google Maps,"Crestline Fabrication is a metal fabrication business based in Richmond, VA, operating in the manufacturing space since 2003."
10,Granite Education Partners,Education & Training,Childcare,Raleigh,NC,https://www.graniteeducationpartners.com,(358) 680-6137,info@graniteeducationpartners.com,87,22700000,2004,https://www.linkedin.com/company/graniteeducationpartners,recent leadership change;press mention,LinkedIn Company Search,"Granite Education Partners is a childcare business based in Raleigh, NC, operating in the education & training space since 2004."
11,Sterling Education Partners,Education & Training,Corporate Training,Indianapolis,IN,https://www.sterlingeducationpartners.com,(816) 749-8994,info@sterlingeducationpartners.com,175,17210000,1985,https://www.linkedin.com/company/sterlingeducationpartners,press mention;expanded service area,Industry Directory,"Sterling Education Partners is a corporate training business based in Indianapolis, IN, operating in the education & training space since 1985."
12,Crestline Auto Group,Automotive Services,Fleet Maintenance,Salt Lake City,UT,https://www.crestlineautogroup.com,(661) 172-7277,info@crestlineautogroup.com,220,49920000,1981,,,LinkedIn Company Search,"Crestline Auto Group is a fleet maintenance business based in Salt Lake City, UT, operating in the automotive services space since 1981."
13,Meridian Logistics,Logistics & Distribution,Wholesale Distribution,Milwaukee,WI,https://www.meridianlogistics.com,(938) 932-2605,info@meridianlogistics.com,207,30260000,1997,https://www.linkedin.com/company/meridianlogistics,,Google Maps,"Meridian Logistics is a wholesale distribution business based in Milwaukee, WI, operating in the logistics & distribution space since 1997."
14,Vanguard Kitchen Co,Food & Beverage,Craft Beverage,Milwaukee,WI,https://www.vanguardkitchenco.com,(851) 513-2250,info@vanguardkitchenco.com,71,18280000,2003,https://www.linkedin.com/company/vanguardkitchenco,recent leadership change;expanded service area,State Business Registry,"Vanguard Kitchen Co is a craft beverage business based in Milwaukee, WI, operating in the food & beverage space since 2003."
15,Crestline Motorworks,Automotive Services,Car Wash Chain,Tampa,FL,https://www.crestlinemotorworks.com,(319) 166-3912,info@crestlinemotorworks.com,115,11700000,2019,https://www.linkedin.com/company/crestlinemotorworks,hiring;new location opened,Google Maps,"Crestline Motorworks is a car wash chain business based in Tampa, FL, operating in the automotive services space since 2019."
16,Sterling Learning Group,Education & Training,Tutoring Services,Columbus,OH,https://www.sterlinglearninggroup.com,(760) 242-2566,info@sterlinglearninggroup.com,108,12040000,2008,https://www.linkedin.com/company/sterlinglearninggroup,,LinkedIn Company Search,"Sterling Learning Group is a tutoring services business based in Columbus, OH, operating in the education & training space since 2008."
17,Anchor Fleet Co,Automotive Services,Auto Repair,Omaha,NE,https://www.anchorfleetco.com,(693) 578-8840,info@anchorfleetco.com,219,26380000,2012,https://www.linkedin.com/company/anchorfleetco,recent leadership change;hiring;expanded service area,LinkedIn Company Search,"Anchor Fleet Co is a auto repair business based in Omaha, NE, operating in the automotive services space since 2012."
18,Union Home Services,HVAC & Home Services,HVAC Installation,Portland,OR,https://www.unionhomeservices.com,,info@unionhomeservices.com,114,18480000,2017,,,LinkedIn Company Search,"Union Home Services is a hvac installation business based in Portland, OR, operating in the hvac & home services space since 2017."
19,Granite Logistics,Logistics & Distribution,Warehousing,Raleigh,NC,https://www.granitelogistics.com,(123) 625-2768,info@granitelogistics.com,90,17680000,1986,https://www.linkedin.com/company/granitelogistics,new location opened,Google Maps,"Granite Logistics is a warehousing business based in Raleigh, NC, operating in the logistics & distribution space since 1986."
20,Highland Service Center,Automotive Services,Fleet Maintenance,Charlotte,NC,https://www.highlandservicecenter.com,(471) 376-8261,info@highlandservicecenter.com,92,15140000,1978,https://www.linkedin.com/company/highlandservicecenter,recent leadership change;press mention,LinkedIn Company Search,"Highland Service Center is a fleet maintenance business based in Charlotte, NC, operating in the automotive services space since 1978."
21,Union Comfort Systems,HVAC & Home Services,Plumbing,Kansas City,MO,https://www.unioncomfortsystems.com,(276) 295-6310,info@unioncomfortsystems.com,112,25510000,2018,https://www.linkedin.com/company/unioncomfortsystems,new location opened;expanded service area,LinkedIn Company Search,"Union Comfort Systems is a plumbing business based in Kansas City, MO, operating in the hvac & home services space since 2018."
22,Crestline Consulting Group,Professional Services,Staffing Agency,Salt Lake City,UT,https://www.crestlineconsultinggroup.com,(119) 878-3570,info@crestlineconsultinggroup.com,99,23340000,2010,https://www.linkedin.com/company/crestlineconsultinggroup,recent leadership change;hiring,State Business Registry,"Crestline Consulting Group is a staffing agency business based in Salt Lake City, UT, operating in the professional services space since 2010."
23,Cedarbrook Education Partners,Education & Training,Childcare,Cincinnati,OH,https://www.cedarbrookeducationpartners.com,(551) 673-1390,info@cedarbrookeducationpartners.com,166,19960000,2009,https://www.linkedin.com/company/cedarbrookeducationpartners,new location opened,Google Maps,"Cedarbrook Education Partners is a childcare business based in Cincinnati, OH, operating in the education & training space since 2009."
24,Lakeside Auto Group,Automotive Services,Auto Repair,Austin,TX,https://www.lakesideautogroup.com,(108) 179-5648,info@lakesideautogroup.com,95,15710000,1996,https://www.linkedin.com/company/lakesideautogroup,new location opened;hiring,State Business Registry,"Lakeside Auto Group is a auto repair business based in Austin, TX, operating in the automotive services space since 1996."
25,Vanguard Motorworks,Automotive Services,Car Wash Chain,Nashville,TN,https://www.vanguardmotorworks.com,(285) 772-9617,info@vanguardmotorworks.com,36,3650000,1980,https://www.linkedin.com/company/vanguardmotorworks,website redesign;recent leadership change,Industry Directory,"Vanguard Motorworks is a car wash chain business based in Nashville, TN, operating in the automotive services space since 1980."
26,Apex Provisions,Food & Beverage,Food Distribution,Charlotte,NC,https://www.apexprovisions.com,(782) 747-7266,info@apexprovisions.com,243,43670000,1977,https://www.linkedin.com/company/apexprovisions,recent leadership change;press mention;hiring,Industry Directory,"Apex Provisions is a food distribution business based in Charlotte, NC, operating in the food & beverage space since 1977."
27,Riverside Advisors,Professional Services,Marketing Agency,Austin,TX,https://www.riversideadvisors.com,(399) 892-4768,info@riversideadvisors.com,29,5860000,1995,https://www.linkedin.com/company/riversideadvisors,hiring;website redesign;new location opened,State Business Registry,"Riverside Advisors is a marketing agency business based in Austin, TX, operating in the professional services space since 1995."
28,Vanguard Advisors,Professional Services,Law Firm,Phoenix,AZ,https://www.vanguardadvisors.com,,info@vanguardadvisors.com,102,9860000,1976,,new location opened,LinkedIn Company Search,"Vanguard Advisors is a law firm business based in Phoenix, AZ, operating in the professional services space since 1976."
29,Highland IT Group,IT Services & MSP,Software Support,Tucson,AZ,https://www.highlanditgroup.com,(429) 405-5444,info@highlanditgroup.com,185,26840000,2021,https://www.linkedin.com/company/highlanditgroup,website redesign;recent leadership change;hiring,Industry Directory,"Highland IT Group is a software support business based in Tucson, AZ, operating in the it services & msp space since 2021."
30,Lakeside IT Group,IT Services & MSP,Cloud Consulting,Pittsburgh,PA,https://www.lakesideitgroup.com,(388) 100-8457,info@lakesideitgroup.com,100,14600000,2018,,press mention;hiring,Industry Directory,"Lakeside IT Group is a cloud consulting business based in Pittsburgh, PA, operating in the it services & msp space since 2018."
31,Pioneer Advisors,Professional Services,Staffing Agency,Kansas City,MO,https://www.pioneeradvisors.com,(490) 604-5085,info@pioneeradvisors.com,119,12980000,1999,https://www.linkedin.com/company/pioneeradvisors,press mention;expanded service area;new location opened,State Business Registry,"Pioneer Advisors is a staffing agency business based in Kansas City, MO, operating in the professional services space since 1999."
32,Foundry Comfort Systems,HVAC & Home Services,Electrical,Sacramento,CA,https://www.foundrycomfortsystems.com,(829) 644-6157,info@foundrycomfortsystems.com,187,27250000,1981,https://www.linkedin.com/company/foundrycomfortsystems,expanded service area,State Business Registry,"Foundry Comfort Systems is a electrical business based in Sacramento, CA, operating in the hvac & home services space since 1981."
33,Riverside Freight,Logistics & Distribution,Warehousing,Richmond,VA,https://www.riversidefreight.com,(611) 227-2051,info@riversidefreight.com,12,1470000,1980,https://www.linkedin.com/company/riversidefreight,recent leadership change;website redesign;new location opened,Google Maps,"Riverside Freight is a warehousing business based in Richmond, VA, operating in the logistics & distribution space since 1980."
34,Cedarbrook Mechanical,HVAC & Home Services,Electrical,Austin,TX,https://www.cedarbrookmechanical.com,(201) 445-8638,info@cedarbrookmechanical.com,71,9730000,1987,https://www.linkedin.com/company/cedarbrookmechanical,hiring,Industry Directory,"Cedarbrook Mechanical is a electrical business based in Austin, TX, operating in the hvac & home services space since 1987."
35,Apex Contracting,Construction,General Contracting,Tucson,AZ,https://www.apexcontracting.com,(810) 216-5973,info@apexcontracting.com,247,47990000,1976,https://www.linkedin.com/company/apexcontracting,hiring;expanded service area;new location opened,LinkedIn Company Search,"Apex Contracting is a general contracting business based in Tucson, AZ, operating in the construction space since 1976."
36,Foundry Academy,Education & Training,Tutoring Services,Tampa,FL,https://www.foundryacademy.com,(673) 447-6234,info@foundryacademy.com,162,38970000,2002,https://www.linkedin.com/company/foundryacademy,recent leadership change,State Business Registry,"Foundry Academy is a tutoring services business based in Tampa, FL, operating in the education & training space since 2002."
37,Highland Auto Group,Automotive Services,Auto Repair,Raleigh,NC,https://www.highlandautogroup.com,(103) 394-3684,info@highlandautogroup.com,241,24800000,2003,https://www.linkedin.com/company/highlandautogroup,hiring,Industry Directory,"Highland Auto Group is a auto repair business based in Raleigh, NC, operating in the automotive services space since 2003."
38,Meridian Industrial,Manufacturing,Precision Machining,Milwaukee,WI,,(439) 274-9448,,85,10970000,1995,https://www.linkedin.com/company/meridianindustrial,new location opened,Industry Directory,"Meridian Industrial is a precision machining business based in Milwaukee, WI, operating in the manufacturing space since 1995."
39,Lakeside Care Network,Healthcare Services,Dental Practice,Pittsburgh,PA,https://www.lakesidecarenetwork.com,(696) 347-6375,info@lakesidecarenetwork.com,63,15330000,1975,https://www.linkedin.com/company/lakesidecarenetwork,press mention;website redesign;expanded service area,Industry Directory,"Lakeside Care Network is a dental practice business based in Pittsburgh, PA, operating in the healthcare services space since 1975."
40,Bluepeak Supply Co,Logistics & Distribution,Warehousing,Boise,ID,https://www.bluepeaksupplyco.com,(382) 664-3535,info@bluepeaksupplyco.com,235,48180000,1998,https://www.linkedin.com/company/bluepeaksupplyco,expanded service area;recent leadership change;new location opened,Google Maps,"Bluepeak Supply Co is a warehousing business based in Boise, ID, operating in the logistics & distribution space since 1998."
41,Anchor Builders,Construction,Specialty Trades,Boise,ID,https://www.anchorbuilders.com,(832) 381-7454,info@anchorbuilders.com,147,26280000,1997,https://www.linkedin.com/company/anchorbuilders,new location opened;hiring,Google Maps,"Anchor Builders is a specialty trades business based in Boise, ID, operating in the construction space since 1997."
42,Westbrook Air Solutions,HVAC & Home Services,Plumbing,Nashville,TN,https://www.westbrookairsolutions.com,(521) 482-9671,info@westbrookairsolutions.com,36,4920000,1992,https://www.linkedin.com/company/westbrookairsolutions,,State Business Registry,"Westbrook Air Solutions is a plumbing business based in Nashville, TN, operating in the hvac & home services space since 1992."
43,Anchor Logistics,Logistics & Distribution,Warehousing,Columbus,OH,https://www.anchorlogistics.com,(741) 927-3172,info@anchorlogistics.com,55,8710000,1999,https://www.linkedin.com/company/anchorlogistics,new location opened;expanded service area,Google Maps,"Anchor Logistics is a warehousing business based in Columbus, OH, operating in the logistics & distribution space since 1999."
44,Apex Comfort Systems,HVAC & Home Services,Plumbing,Pittsburgh,PA,https://www.apexcomfortsystems.com,(944) 704-3817,info@apexcomfortsystems.com,214,36240000,2011,https://www.linkedin.com/company/apexcomfortsystems,,LinkedIn Company Search,"Apex Comfort Systems is a plumbing business based in Pittsburgh, PA, operating in the hvac & home services space since 2011."
45,Riverside Technologies,IT Services & MSP,Software Support,Tampa,FL,https://www.riversidetechnologies.com,(402) 150-8430,info@riversidetechnologies.com,63,6550000,1985,https://www.linkedin.com/company/riversidetechnologies,recent leadership change,LinkedIn Company Search,"Riverside Technologies is a software support business based in Tampa, FL, operating in the it services & msp space since 1985."
46,Vanguard Foods,Food & Beverage,Food Distribution,Cincinnati,OH,https://www.vanguardfoods.com,(841) 928-8828,info@vanguardfoods.com,142,15530000,2011,https://www.linkedin.com/company/vanguardfoods,press mention,LinkedIn Company Search,"Vanguard Foods is a food distribution business based in Cincinnati, OH, operating in the food & beverage space since 2011."
47,Northgate Clinic Group,Healthcare Services,Home Health Care,Pittsburgh,PA,https://www.northgateclinicgroup.com,(351) 876-6887,info@northgateclinicgroup.com,217,45940000,2003,https://www.linkedin.com/company/northgateclinicgroup,recent leadership change;new location opened;expanded service area,LinkedIn Company Search,"Northgate Clinic Group is a home health care business based in Pittsburgh, PA, operating in the healthcare services space since 2003."
48,Timber Education Partners,Education & Training,Tutoring Services,Cincinnati,OH,https://www.timbereducationpartners.com,(158) 249-6393,info@timbereducationpartners.com,27,6410000,1998,,new location opened,Google Maps,"Timber Education Partners is a tutoring services business based in Cincinnati, OH, operating in the education & training space since 1998."
49,Meridian Manufacturing,Manufacturing,Packaging,Richmond,VA,https://www.meridianmanufacturing.com,(316) 103-9268,info@meridianmanufacturing.com,64,13020000,1988,https://www.linkedin.com/company/meridianmanufacturing,press mention;website redesign,Google Maps,"Meridian Manufacturing is a packaging business based in Richmond, VA, operating in the manufacturing space since 1988."
50,Vanguard Training Institute,Education & Training,Tutoring Services,Tucson,AZ,https://www.vanguardtraininginstitute.com,(980) 253-5333,info@vanguardtraininginstitute.com,177,25220000,2019,,expanded service area;new location opened;hiring,Google Maps,"Vanguard Training Institute is a tutoring services business based in Tucson, AZ, operating in the education & training space since 2019."
51,Cascade Construction Group,Construction,General Contracting,Raleigh,NC,https://www.cascadeconstructiongroup.com,,info@cascadeconstructiongroup.com,76,12200000,2000,,,State Business Registry,"Cascade Construction Group is a general contracting business based in Raleigh, NC, operating in the construction space since 2000."
52,Pioneer Contracting,Construction,Commercial Construction,Boise,ID,https://www.pioneercontracting.com,(851) 889-9749,info@pioneercontracting.com,151,14140000,2003,https://www.linkedin.com/company/pioneercontracting,hiring;recent leadership change,Google Maps,"Pioneer Contracting is a commercial construction business based in Boise, ID, operating in the construction space since 2003."
53,Riverside Training Institute,Education & Training,Tutoring Services,Columbus,OH,https://www.riversidetraininginstitute.com,(862) 864-3358,info@riversidetraininginstitute.com,34,6150000,1978,,,State Business Registry,"Riverside Training Institute is a tutoring services business based in Columbus, OH, operating in the education & training space since 1978."
54,Apex Industrial,Manufacturing,Precision Machining,Sacramento,CA,https://www.apexindustrial.com,(359) 675-3088,info@apexindustrial.com,65,9460000,2014,https://www.linkedin.com/company/apexindustrial,press mention;expanded service area,State Business Registry,"Apex Industrial is a precision machining business based in Sacramento, CA, operating in the manufacturing space since 2014."
55,Redstone Provisions,Food & Beverage,Food Distribution,Nashville,TN,https://www.redstoneprovisions.com,(868) 766-6593,info@redstoneprovisions.com,145,28770000,2019,https://www.linkedin.com/company/redstoneprovisions,press mention;website redesign,Google Maps,"Redstone Provisions is a food distribution business based in Nashville, TN, operating in the food & beverage space since 2019."
56,Crestline Learning Group,Education & Training,Childcare,Cincinnati,OH,https://www.crestlinelearninggroup.com,,info@crestlinelearninggroup.com,130,23070000,1997,https://www.linkedin.com/company/crestlinelearninggroup,press mention,Industry Directory,"Crestline Learning Group is a childcare business based in Cincinnati, OH, operating in the education & training space since 1997."
57,Highland Beverage Co,Food & Beverage,Commercial Bakery,Indianapolis,IN,https://www.highlandbeverageco.com,(315) 406-4068,info@highlandbeverageco.com,215,51710000,2008,https://www.linkedin.com/company/highlandbeverageco,website redesign,Industry Directory,"Highland Beverage Co is a commercial bakery business based in Indianapolis, IN, operating in the food & beverage space since 2008."
58,Crestline Academy,Education & Training,Vocational School,Raleigh,NC,https://www.crestlineacademy.com,(317) 766-5476,info@crestlineacademy.com,87,21030000,1999,https://www.linkedin.com/company/crestlineacademy,expanded service area;recent leadership change;press mention,Google Maps,"Crestline Academy is a vocational school business based in Raleigh, NC, operating in the education & training space since 1999."
59,Highland Comfort Systems,HVAC & Home Services,Electrical,Omaha,NE,https://www.highlandcomfortsystems.com,(112) 926-3301,info@highlandcomfortsystems.com,48,6980000,1984,https://www.linkedin.com/company/highlandcomfortsystems,expanded service area;new location opened;website redesign,Google Maps,"Highland Comfort Systems is a electrical business based in Omaha, NE, operating in the hvac & home services space since 1984."
60,Redstone Technologies,IT Services & MSP,Software Support,Milwaukee,WI,,(674) 429-8088,,182,31400000,1981,https://www.linkedin.com/company/redstonetechnologies,expanded service area,LinkedIn Company Search,"Redstone Technologies is a software support business based in Milwaukee, WI, operating in the it services & msp space since 1981."
61,Lakeside Health Partners,Healthcare Services,Physical Therapy,Boise,ID,https://www.lakesidehealthpartners.com,(194) 173-8033,info@lakesidehealthpartners.com,59,13580000,1985,https://www.linkedin.com/company/lakesidehealthpartners,expanded service area;press mention,LinkedIn Company Search,"Lakeside Health Partners is a physical therapy business based in Boise, ID, operating in the healthcare services space since 1985."
62,Apex Wellness,Healthcare Services,Home Health Care,Indianapolis,IN,https://www.apexwellness.com,(128) 552-4235,info@apexwellness.com,138,18160000,1985,https://www.linkedin.com/company/apexwellness,new location opened;hiring;recent leadership change,Industry Directory,"Apex Wellness is a home health care business based in Indianapolis, IN, operating in the healthcare services space since 1985."
63,Cedarbrook Works,Manufacturing,Packaging,Kansas City,MO,https://www.cedarbrookworks.com,(719) 272-3312,info@cedarbrookworks.com,106,23060000,1989,https://www.linkedin.com/company/cedarbrookworks,press mention;new location opened,LinkedIn Company Search,"Cedarbrook Works is a packaging business based in Kansas City, MO, operating in the manufacturing space since 1989."
64,Pioneer Development,Construction,Specialty Trades,Indianapolis,IN,https://www.pioneerdevelopment.com,(898) 770-3482,info@pioneerdevelopment.com,135,25170000,1987,https://www.linkedin.com/company/pioneerdevelopment,recent leadership change;press mention;hiring,Google Maps,"Pioneer Development is a specialty trades business based in Indianapolis, IN, operating in the construction space since 1987."
65,Redstone Technologies,IT Services & MSP,Cybersecurity,Sacramento,CA,https://www.redstonetechnologies.com,(956) 819-3264,info@redstonetechnologies.com,32,6570000,2018,https://www.linkedin.com/company/redstonetechnologies,press mention,Industry Directory,"Redstone Technologies is a cybersecurity business based in Sacramento, CA, operating in the it services & msp space since 2018."
66,Pioneer Logistics,Logistics & Distribution,Freight Brokerage,Kansas City,MO,https://www.pioneerlogistics.com,,info@pioneerlogistics.com,76,9240000,1993,https://www.linkedin.com/company/pioneerlogistics,press mention;new location opened,Google Maps,"Pioneer Logistics is a freight brokerage business based in Kansas City, MO, operating in the logistics & distribution space since 1993."
67,Granite Mechanical,HVAC & Home Services,Roofing,Milwaukee,WI,https://www.granitemechanical.com,(902) 616-6120,info@granitemechanical.com,90,16080000,1986,https://www.linkedin.com/company/granitemechanical,new location opened;recent leadership change;hiring,LinkedIn Company Search,"Granite Mechanical is a roofing business based in Milwaukee, WI, operating in the hvac & home services space since 1986."
68,Harbor Academy,Education & Training,Corporate Training,Omaha,NE,https://www.harboracademy.com,(837) 353-8071,info@harboracademy.com,217,50030000,1985,https://www.linkedin.com/company/harboracademy,hiring;recent leadership change,Google Maps,"Harbor Academy is a corporate training business based in Omaha, NE, operating in the education & training space since 1985."
69,Redstone Foods,Food & Beverage,Craft Beverage,Pittsburgh,PA,https://www.redstonefoods.com,,info@redstonefoods.com,131,30530000,1991,https://www.linkedin.com/company/redstonefoods,,State Business Registry,"Redstone Foods is a craft beverage business based in Pittsburgh, PA, operating in the food & beverage space since 1991."
70,Lakeside Builders,Construction,General Contracting,Columbus,OH,https://www.lakesidebuilders.com,(756) 175-9647,info@lakesidebuilders.com,228,21590000,1994,https://www.linkedin.com/company/lakesidebuilders,press mention;hiring;expanded service area,Industry Directory,"Lakeside Builders is a general contracting business based in Columbus, OH, operating in the construction space since 1994."
71,Crestline Beverage Co,Food & Beverage,Catering,Raleigh,NC,https://www.crestlinebeverageco.com,(702) 369-1632,info@crestlinebeverageco.com,133,34030000,1982,https://www.linkedin.com/company/crestlinebeverageco,press mention;new location opened,Industry Directory,"Crestline Beverage Co is a catering business based in Raleigh, NC, operating in the food & beverage space since 1982."
72,Harbor IT Group,IT Services & MSP,Cybersecurity,Portland,OR,https://www.harboritgroup.com,(400) 771-2503,info@harboritgroup.com,173,16130000,1995,https://www.linkedin.com/company/harboritgroup,hiring;expanded service area,LinkedIn Company Search,"Harbor IT Group is a cybersecurity business based in Portland, OR, operating in the it services & msp space since 1995."
73,Harbor Learning Group,Education & Training,Tutoring Services,Raleigh,NC,https://www.harborlearninggroup.com,(310) 952-6293,info@harborlearninggroup.com,154,39120000,1996,https://www.linkedin.com/company/harborlearninggroup,press mention,State Business Registry,"Harbor Learning Group is a tutoring services business based in Raleigh, NC, operating in the education & training space since 1996."
74,Summit Beverage Co,Food & Beverage,Food Distribution,Charlotte,NC,https://www.summitbeverageco.com,(210) 776-3443,info@summitbeverageco.com,247,39850000,1977,https://www.linkedin.com/company/summitbeverageco,press mention,Google Maps,"Summit Beverage Co is a food distribution business based in Charlotte, NC, operating in the food & beverage space since 1977."
75,Summit Distribution,Logistics & Distribution,Wholesale Distribution,Cincinnati,OH,https://www.summitdistribution.com,(278) 137-7271,info@summitdistribution.com,42,10700000,2010,https://www.linkedin.com/company/summitdistribution,website redesign;hiring;expanded service area,Google Maps,"Summit Distribution is a wholesale distribution business based in Cincinnati, OH, operating in the logistics & distribution space since 2010."
76,Apex Partners,Professional Services,Marketing Agency,Tampa,FL,https://www.apexpartners.com,(208) 464-3487,info@apexpartners.com,123,29880000,2022,https://www.linkedin.com/company/apexpartners,hiring,Google Maps,"Apex Partners is a marketing agency business based in Tampa, FL, operating in the professional services space since 2022."
77,Bluepeak Clinic Group,Healthcare Services,Dental Practice,Denver,CO,https://www.bluepeakclinicgroup.com,(757) 725-4637,info@bluepeakclinicgroup.com,96,20580000,2006,,website redesign,Industry Directory,"Bluepeak Clinic Group is a dental practice business based in Denver, CO, operating in the healthcare services space since 2006."
78,Bluepeak Consulting Group,Professional Services,Accounting Firm,Salt Lake City,UT,https://www.bluepeakconsultinggroup.com,(847) 788-2271,info@bluepeakconsultinggroup.com,29,6420000,2003,https://www.linkedin.com/company/bluepeakconsultinggroup,website redesign,Google Maps,"Bluepeak Consulting Group is a accounting firm business based in Salt Lake City, UT, operating in the professional services space since 2003."
79,Coastal Education Partners,Education & Training,Tutoring Services,Pittsburgh,PA,https://www.coastaleducationpartners.com,(118) 529-2979,info@coastaleducationpartners.com,109,24650000,2014,https://www.linkedin.com/company/coastaleducationpartners,,LinkedIn Company Search,"Coastal Education Partners is a tutoring services business based in Pittsburgh, PA, operating in the education & training space since 2014."
80,Cascade Consulting Group,Professional Services,Law Firm,Raleigh,NC,https://www.cascadeconsultinggroup.com,(209) 131-7232,info@cascadeconsultinggroup.com,221,28870000,1979,https://www.linkedin.com/company/cascadeconsultinggroup,hiring,Google Maps,"Cascade Consulting Group is a law firm business based in Raleigh, NC, operating in the professional services space since 1979."
81,Cedarbrook Works,Manufacturing,Metal Fabrication,Richmond,VA,https://www.cedarbrookworks.com,(184) 828-2253,info@cedarbrookworks.com,56,9300000,2021,https://www.linkedin.com/company/cedarbrookworks,expanded service area;press mention,Google Maps,"Cedarbrook Works is a metal fabrication business based in Richmond, VA, operating in the manufacturing space since 2021."
82,Highland Systems,IT Services & MSP,Cloud Consulting,Portland,OR,https://www.highlandsystems.com,(611) 316-5653,info@highlandsystems.com,142,23690000,1983,https://www.linkedin.com/company/highlandsystems,new location opened,Industry Directory,"Highland Systems is a cloud consulting business based in Portland, OR, operating in the it services & msp space since 1983."
83,Apex Partners,Professional Services,Staffing Agency,Sacramento,CA,https://www.apexpartners.com,(903) 573-3958,info@apexpartners.com,101,24240000,2022,https://www.linkedin.com/company/apexpartners,hiring,LinkedIn Company Search,"Apex Partners is a staffing agency business based in Sacramento, CA, operating in the professional services space since 2022."
84,Sterling Clinic Group,Healthcare Services,Home Health Care,Denver,CO,https://www.sterlingclinicgroup.com,(131) 267-5896,info@sterlingclinicgroup.com,241,38980000,1986,,new location opened;expanded service area,Google Maps,"Sterling Clinic Group is a home health care business based in Denver, CO, operating in the healthcare services space since 1986."
85,Meridian Supply Co,Logistics & Distribution,Wholesale Distribution,Tampa,FL,https://www.meridiansupplyco.com,(505) 239-5549,info@meridiansupplyco.com,243,56170000,1996,https://www.linkedin.com/company/meridiansupplyco,website redesign;press mention,State Business Registry,"Meridian Supply Co is a wholesale distribution business based in Tampa, FL, operating in the logistics & distribution space since 1996."
86,Highland Fleet Co,Automotive Services,Car Wash Chain,Omaha,NE,,(765) 888-1892,,164,28610000,2018,https://www.linkedin.com/company/highlandfleetco,recent leadership change,Industry Directory,"Highland Fleet Co is a car wash chain business based in Omaha, NE, operating in the automotive services space since 2018."
87,Cedarbrook Air Solutions,HVAC & Home Services,HVAC Installation,Tampa,FL,https://www.cedarbrookairsolutions.com,(626) 529-4159,info@cedarbrookairsolutions.com,81,7750000,1986,https://www.linkedin.com/company/cedarbrookairsolutions,hiring;press mention;expanded service area,LinkedIn Company Search,"Cedarbrook Air Solutions is a hvac installation business based in Tampa, FL, operating in the hvac & home services space since 1986."
88,Vanguard Beverage Co,Food & Beverage,Food Distribution,Tucson,AZ,https://www.vanguardbeverageco.com,(381) 254-3242,info@vanguardbeverageco.com,167,18170000,1977,,,Industry Directory,"Vanguard Beverage Co is a food distribution business based in Tucson, AZ, operating in the food & beverage space since 1977."
89,Sterling Academy,Education & Training,Corporate Training,Indianapolis,IN,https://www.sterlingacademy.com,(934) 840-8037,info@sterlingacademy.com,215,46580000,1982,,website redesign,LinkedIn Company Search,"Sterling Academy is a corporate training business based in Indianapolis, IN, operating in the education & training space since 1982."
90,Timber Industrial,Manufacturing,Metal Fabrication,Boise,ID,https://www.timberindustrial.com,(331) 342-3108,info@timberindustrial.com,36,7920000,1983,https://www.linkedin.com/company/timberindustrial,website redesign;new location opened,Google Maps,"Timber Industrial is a metal fabrication business based in Boise, ID, operating in the manufacturing space since 1983."
91,Westbrook Development,Construction,Landscaping,Kansas City,MO,https://www.westbrookdevelopment.com,(189) 569-9049,info@westbrookdevelopment.com,87,21190000,1988,https://www.linkedin.com/company/westbrookdevelopment,,State Business Registry,"Westbrook Development is a landscaping business based in Kansas City, MO, operating in the construction space since 1988."
92,Vanguard & Associates,Professional Services,Staffing Agency,Tucson,AZ,https://www.vanguardassociates.com,(201) 260-1070,info@vanguardassociates.com,89,10940000,1985,https://www.linkedin.com/company/vanguardassociates,recent leadership change;expanded service area;new location opened,Google Maps,"Vanguard & Associates is a staffing agency business based in Tucson, AZ, operating in the professional services space since 1985."
93,Riverside Construction Group,Construction,Landscaping,Columbus,OH,https://www.riversideconstructiongroup.com,(174) 994-7441,info@riversideconstructiongroup.com,180,24190000,1994,https://www.linkedin.com/company/riversideconstructiongroup,website redesign,State Business Registry,"Riverside Construction Group is a landscaping business based in Columbus, OH, operating in the construction space since 1994."
94,Meridian Freight,Logistics & Distribution,Warehousing,Sacramento,CA,https://www.meridianfreight.com,,info@meridianfreight.com,79,20200000,2020,https://www.linkedin.com/company/meridianfreight,hiring;website redesign,Google Maps,"Meridian Freight is a warehousing business based in Sacramento, CA, operating in the logistics & distribution space since 2020."
95,Sterling Construction Group,Construction,General Contracting,Richmond,VA,https://www.sterlingconstructiongroup.com,(259) 663-3560,info@sterlingconstructiongroup.com,50,4680000,1976,https://www.linkedin.com/company/sterlingconstructiongroup,hiring,Google Maps,"Sterling Construction Group is a general contracting business based in Richmond, VA, operating in the construction space since 1976."
96,Pioneer Education Partners,Education & Training,Vocational School,Richmond,VA,https://www.pioneereducationpartners.com,,info@pioneereducationpartners.com,206,37510000,1978,https://www.linkedin.com/company/pioneereducationpartners,website redesign;recent leadership change;expanded service area,LinkedIn Company Search,"Pioneer Education Partners is a vocational school business based in Richmond, VA, operating in the education & training space since 1978."
97,Highland Home Services,HVAC & Home Services,Electrical,Cincinnati,OH,https://www.highlandhomeservices.com,(603) 653-4490,info@highlandhomeservices.com,140,20220000,2013,https://www.linkedin.com/company/highlandhomeservices,new location opened;press mention,LinkedIn Company Search,"Highland Home Services is a electrical business based in Cincinnati, OH, operating in the hvac & home services space since 2013."
98,Coastal & Associates,Professional Services,Staffing Agency,Salt Lake City,UT,https://www.coastalassociates.com,(864) 623-2842,info@coastalassociates.com,43,10020000,1976,https://www.linkedin.com/company/coastalassociates,hiring;expanded service area;new location opened,State Business Registry,"Coastal & Associates is a staffing agency business based in Salt Lake City, UT, operating in the professional services space since 1976."
99,Apex Manufacturing,Manufacturing,Industrial Equipment,Cincinnati,OH,https://www.apexmanufacturing.com,(506) 617-3833,info@apexmanufacturing.com,135,33780000,1977,https://www.linkedin.com/company/apexmanufacturing,,Google Maps,"Apex Manufacturing is a industrial equipment business based in Cincinnati, OH, operating in the manufacturing space since 1977."
100,Union Wellness,Healthcare Services,Dental Practice,Sacramento,CA,https://www.unionwellness.com,(314) 811-3138,info@unionwellness.com,183,38010000,1988,https://www.linkedin.com/company/unionwellness,press mention;new location opened;recent leadership change,Industry Directory,"Union Wellness is a dental practice business based in Sacramento, CA, operating in the healthcare services space since 1988."
101,Coastal Auto Group,Automotive Services,Auto Parts Distribution,Kansas City,MO,https://www.coastalautogroup.com,(938) 733-5997,info@coastalautogroup.com,143,36930000,2003,https://www.linkedin.com/company/coastalautogroup,recent leadership change;hiring,Industry Directory,"Coastal Auto Group is a auto parts distribution business based in Kansas City, MO, operating in the automotive services space since 2003."
102,Granite Clinic Group,Healthcare Services,Physical Therapy,Boise,ID,https://www.graniteclinicgroup.com,(355) 169-2984,info@graniteclinicgroup.com,105,15250000,1981,https://www.linkedin.com/company/graniteclinicgroup,hiring;press mention,LinkedIn Company Search,"Granite Clinic Group is a physical therapy business based in Boise, ID, operating in the healthcare services space since 1981."
103,Summit Clinic Group,Healthcare Services,Physical Therapy,Cincinnati,OH,https://www.summitclinicgroup.com,(129) 449-7991,info@summitclinicgroup.com,192,27930000,2021,,website redesign,Industry Directory,"Summit Clinic Group is a physical therapy business based in Cincinnati, OH, operating in the healthcare services space since 2021."
104,Northgate Works,Manufacturing,Precision Machining,Tampa,FL,https://www.northgateworks.com,,info@northgateworks.com,29,4360000,2019,https://www.linkedin.com/company/northgateworks,expanded service area,State Business Registry,"Northgate Works is a precision machining business based in Tampa, FL, operating in the manufacturing space since 2019."
105,Riverside Home Services,HVAC & Home Services,Roofing,Pittsburgh,PA,,(568) 888-4596,,173,38310000,1991,https://www.linkedin.com/company/riversidehomeservices,expanded service area;hiring;website redesign,Google Maps,"Riverside Home Services is a roofing business based in Pittsburgh, PA, operating in the hvac & home services space since 1991."
106,Union Academy,Education & Training,Tutoring Services,Boise,ID,,(803) 141-7129,,159,42740000,2006,https://www.linkedin.com/company/unionacademy,new location opened,Google Maps,"Union Academy is a tutoring services business based in Boise, ID, operating in the education & training space since 2006."
107,Ironwood Logistics,Logistics & Distribution,Warehousing,Boise,ID,https://www.ironwoodlogistics.com,(533) 966-2213,info@ironwoodlogistics.com,247,65630000,2002,https://www.linkedin.com/company/ironwoodlogistics,new location opened;press mention,Google Maps,"Ironwood Logistics is a warehousing business based in Boise, ID, operating in the logistics & distribution space since 2002."
108,Highland Care Network,Healthcare Services,Home Health Care,Tampa,FL,https://www.highlandcarenetwork.com,(907) 634-8096,info@highlandcarenetwork.com,7,970000,2019,https://www.linkedin.com/company/highlandcarenetwork,recent leadership change;press mention,State Business Registry,"Highland Care Network is a home health care business based in Tampa, FL, operating in the healthcare services space since 2019."
109,Redstone Comfort Systems,HVAC & Home Services,Roofing,Tampa,FL,https://www.redstonecomfortsystems.com,(460) 382-1398,info@redstonecomfortsystems.com,180,43330000,1998,https://www.linkedin.com/company/redstonecomfortsystems,hiring,LinkedIn Company Search,"Redstone Comfort Systems is a roofing business based in Tampa, FL, operating in the hvac & home services space since 1998."
110,Anchor Kitchen Co,Food & Beverage,Catering,Raleigh,NC,https://www.anchorkitchenco.com,(638) 238-4637,info@anchorkitchenco.com,178,44930000,2020,https://www.linkedin.com/company/anchorkitchenco,new location opened;press mention,LinkedIn Company Search,"Anchor Kitchen Co is a catering business based in Raleigh, NC, operating in the food & beverage space since 2020."
111,Ironwood Construction Group,Construction,Landscaping,Pittsburgh,PA,https://www.ironwoodconstructiongroup.com,(981) 204-1272,info@ironwoodconstructiongroup.com,31,2790000,2011,https://www.linkedin.com/company/ironwoodconstructiongroup,new location opened,State Business Registry,"Ironwood Construction Group is a landscaping business based in Pittsburgh, PA, operating in the construction space since 2011."
112,Redstone Freight,Logistics & Distribution,Freight Brokerage,Pittsburgh,PA,https://www.redstonefreight.com,(627) 611-8864,info@redstonefreight.com,75,19480000,1983,https://www.linkedin.com/company/redstonefreight,recent leadership change,LinkedIn Company Search,"Redstone Freight is a freight brokerage business based in Pittsburgh, PA, operating in the logistics & distribution space since 1983."
113,Bluepeak Provisions,Food & Beverage,Food Distribution,Richmond,VA,https://www.bluepeakprovisions.com,(193) 393-6987,info@bluepeakprovisions.com,70,12370000,2002,https://www.linkedin.com/company/bluepeakprovisions,expanded service area;hiring,State Business Registry,"Bluepeak Provisions is a food distribution business based in Richmond, VA, operating in the food & beverage space since 2002."
114,Cedarbrook Manufacturing,Manufacturing,Industrial Equipment,Austin,TX,https://www.cedarbrookmanufacturing.com,(501) 317-6527,info@cedarbrookmanufacturing.com,106,21040000,1992,https://www.linkedin.com/company/cedarbrookmanufacturing,,Industry Directory,"Cedarbrook Manufacturing is a industrial equipment business based in Austin, TX, operating in the manufacturing space since 1992."
115,Foundry Wellness,Healthcare Services,Home Health Care,Denver,CO,https://www.foundrywellness.com,(505) 756-9118,info@foundrywellness.com,26,5670000,2017,https://www.linkedin.com/company/foundrywellness,new location opened;hiring,Google Maps,"Foundry Wellness is a home health care business based in Denver, CO, operating in the healthcare services space since 2017."
116,Crestline Provisions,Food & Beverage,Catering,Charlotte,NC,https://www.crestlineprovisions.com,(668) 651-2093,info@crestlineprovisions.com,162,37470000,2014,https://www.linkedin.com/company/crestlineprovisions,recent leadership change;new location opened,LinkedIn Company Search,"Crestline Provisions is a catering business based in Charlotte, NC, operating in the food & beverage space since 2014."
117,Cascade IT Group,IT Services & MSP,Software Support,Denver,CO,https://www.cascadeitgroup.com,(775) 980-7290,info@cascadeitgroup.com,109,22990000,1998,https://www.linkedin.com/company/cascadeitgroup,website redesign;expanded service area,State Business Registry,"Cascade IT Group is a software support business based in Denver, CO, operating in the it services & msp space since 1998."
118,Ironwood Health Partners,Healthcare Services,Dental Practice,Columbus,OH,https://www.ironwoodhealthpartners.com,(738) 123-3546,info@ironwoodhealthpartners.com,219,56860000,2009,https://www.linkedin.com/company/ironwoodhealthpartners,hiring,State Business Registry,"Ironwood Health Partners is a dental practice business based in Columbus, OH, operating in the healthcare services space since 2009."
119,Westbrook Advisors,Professional Services,Marketing Agency,Austin,TX,https://www.westbrookadvisors.com,(542) 904-9068,info@westbrookadvisors.com,221,44510000,2006,,expanded service area,LinkedIn Company Search,"Westbrook Advisors is a marketing agency business based in Austin, TX, operating in the professional services space since 2006."
120,Riverside Clinic Group,Healthcare Services,Urgent Care,Austin,TX,https://www.riversideclinicgroup.com,(781) 414-6933,info@riversideclinicgroup.com,12,2700000,2001,https://www.linkedin.com/company/riversideclinicgroup,hiring,Industry Directory,"Riverside Clinic Group is a urgent care business based in Austin, TX, operating in the healthcare services space since 2001."
121,Ironwood Consulting Group,Professional Services,Staffing Agency,Pittsburgh,PA,https://www.ironwoodconsultinggroup.com,(313) 854-3113,info@ironwoodconsultinggroup.com,248,66450000,1977,https://www.linkedin.com/company/ironwoodconsultinggroup,,LinkedIn Company Search,"Ironwood Consulting Group is a staffing agency business based in Pittsburgh, PA, operating in the professional services space since 1977."
122,Summit Construction Group,Construction,Specialty Trades,Omaha,NE,https://www.summitconstructiongroup.com,(558) 156-8310,info@summitconstructiongroup.com,23,2620000,1990,https://www.linkedin.com/company/summitconstructiongroup,new location opened;expanded service area;recent leadership change,State Business Registry,"Summit Construction Group is a specialty trades business based in Omaha, NE, operating in the construction space since 1990."
123,Ironwood Industrial,Manufacturing,Packaging,Raleigh,NC,https://www.ironwoodindustrial.com,(349) 296-8300,info@ironwoodindustrial.com,154,37260000,1991,https://www.linkedin.com/company/ironwoodindustrial,press mention,State Business Registry,"Ironwood Industrial is a packaging business based in Raleigh, NC, operating in the manufacturing space since 1991."
124,Pioneer Consulting Group,Professional Services,Accounting Firm,Kansas City,MO,https://www.pioneerconsultinggroup.com,(130) 483-2171,info@pioneerconsultinggroup.com,199,30260000,2016,https://www.linkedin.com/company/pioneerconsultinggroup,press mention,Industry Directory,"Pioneer Consulting Group is a accounting firm business based in Kansas City, MO, operating in the professional services space since 2016."
125,Lakeside Logistics,Logistics & Distribution,Freight Brokerage,Indianapolis,IN,https://www.lakesidelogistics.com,(736) 720-1102,info@lakesidelogistics.com,249,26550000,1991,https://www.linkedin.com/company/lakesidelogistics,new location opened;press mention;recent leadership change,Industry Directory,"Lakeside Logistics is a freight brokerage business based in Indianapolis, IN, operating in the logistics & distribution space since 1991."
126,Union IT Group,IT Services & MSP,Cybersecurity,Pittsburgh,PA,https://www.unionitgroup.com,(670) 489-5021,info@unionitgroup.com,91,14920000,2022,https://www.linkedin.com/company/unionitgroup,expanded service area;new location opened,Industry Directory,"Union IT Group is a cybersecurity business based in Pittsburgh, PA, operating in the it services & msp space since 2022."
127,Summit Air Solutions,HVAC & Home Services,HVAC Installation,Denver,CO,https://www.summitairsolutions.com,(950) 124-7024,info@summitairsolutions.com,114,20720000,1980,https://www.linkedin.com/company/summitairsolutions,website redesign,State Business Registry,"Summit Air Solutions is a hvac installation business based in Denver, CO, operating in the hvac & home services space since 1980."
128,Redstone Beverage Co,Food & Beverage,Craft Beverage,Denver,CO,https://www.redstonebeverageco.com,(601) 130-4103,info@redstonebeverageco.com,18,4470000,2021,https://www.linkedin.com/company/redstonebeverageco,recent leadership change;press mention,State Business Registry,"Redstone Beverage Co is a craft beverage business based in Denver, CO, operating in the food & beverage space since 2021."
129,Lakeside Air Solutions,HVAC & Home Services,Electrical,Boise,ID,,(390) 249-6116,,20,2900000,2005,https://www.linkedin.com/company/lakesideairsolutions,,Google Maps,"Lakeside Air Solutions is a electrical business based in Boise, ID, operating in the hvac & home services space since 2005."
130,Apex Works,Manufacturing,Industrial Equipment,Phoenix,AZ,https://www.apexworks.com,(105) 181-6276,info@apexworks.com,206,29990000,2023,https://www.linkedin.com/company/apexworks,new location opened,State Business Registry,"Apex Works is a industrial equipment business based in Phoenix, AZ, operating in the manufacturing space since 2023."
131,Sterling Auto Group,Automotive Services,Car Wash Chain,Columbus,OH,https://www.sterlingautogroup.com,(340) 564-2990,info@sterlingautogroup.com,49,4720000,1994,https://www.linkedin.com/company/sterlingautogroup,hiring,Google Maps,"Sterling Auto Group is a car wash chain business based in Columbus, OH, operating in the automotive services space since 1994."
132,Bluepeak Technologies,IT Services & MSP,Cybersecurity,Omaha,NE,https://www.bluepeaktechnologies.com,(353) 871-7922,info@bluepeaktechnologies.com,240,39570000,1995,https://www.linkedin.com/company/bluepeaktechnologies,,LinkedIn Company Search,"Bluepeak Technologies is a cybersecurity business based in Omaha, NE, operating in the it services & msp space since 1995."
133,Northgate Home Services,HVAC & Home Services,Roofing,Charlotte,NC,https://www.northgatehomeservices.com,(698) 696-9351,info@northgatehomeservices.com,235,62300000,2008,https://www.linkedin.com/company/northgatehomeservices,hiring,State Business Registry,"Northgate Home Services is a roofing business based in Charlotte, NC, operating in the hvac & home services space since 2008."
134,Harbor Beverage Co,Food & Beverage,Commercial Bakery,Raleigh,NC,https://www.harborbeverageco.com,(352) 101-3499,info@harborbeverageco.com,84,12030000,1998,https://www.linkedin.com/company/harborbeverageco,new location opened,Google Maps,"Harbor Beverage Co is a commercial bakery business based in Raleigh, NC, operating in the food & beverage space since 1998."
135,Highland IT Group,IT Services & MSP,Cybersecurity,Cincinnati,OH,https://www.highlanditgroup.com,(122) 851-6838,info@highlanditgroup.com,212,51680000,1985,https://www.linkedin.com/company/highlanditgroup,hiring,Google Maps,"Highland IT Group is a cybersecurity business based in Cincinnati, OH, operating in the it services & msp space since 1985."
136,Westbrook Logistics,Logistics & Distribution,Warehousing,Salt Lake City,UT,https://www.westbrooklogistics.com,,info@westbrooklogistics.com,28,6480000,2011,https://www.linkedin.com/company/westbrooklogistics,expanded service area,Industry Directory,"Westbrook Logistics is a warehousing business based in Salt Lake City, UT, operating in the logistics & distribution space since 2011."
137,Harbor Logistics,Logistics & Distribution,Last-Mile Delivery,Denver,CO,https://www.harborlogistics.com,(645) 348-1585,info@harborlogistics.com,212,38130000,1983,https://www.linkedin.com/company/harborlogistics,new location opened,Google Maps,"Harbor Logistics is a last-mile delivery business based in Denver, CO, operating in the logistics & distribution space since 1983."
138,Vanguard Development,Construction,Commercial Construction,Omaha,NE,https://www.vanguarddevelopment.com,(234) 901-9537,info@vanguarddevelopment.com,243,57960000,2013,,expanded service area,State Business Registry,"Vanguard Development is a commercial construction business based in Omaha, NE, operating in the construction space since 2013."
139,Apex IT Group,IT Services & MSP,Managed IT,Sacramento,CA,https://www.apexitgroup.com,(549) 362-6950,info@apexitgroup.com,126,31730000,2005,https://www.linkedin.com/company/apexitgroup,recent leadership change;new location opened;hiring,Google Maps,"Apex IT Group is a managed it business based in Sacramento, CA, operating in the it services & msp space since 2005."
140,Northgate Clinic Group,Healthcare Services,Dental Practice,Austin,TX,https://www.northgateclinicgroup.com,(757) 275-3524,info@northgateclinicgroup.com,45,6980000,2001,https://www.linkedin.com/company/northgateclinicgroup,expanded service area,Google Maps,"Northgate Clinic Group is a dental practice business based in Austin, TX, operating in the healthcare services space since 2001."
141,Summit Health Partners,Healthcare Services,Physical Therapy,Indianapolis,IN,https://www.summithealthpartners.com,(284) 627-7213,info@summithealthpartners.com,171,20050000,1992,https://www.linkedin.com/company/summithealthpartners,new location opened;hiring;press mention,Google Maps,"Summit Health Partners is a physical therapy business based in Indianapolis, IN, operating in the healthcare services space since 1992."
142,Timber Home Services,HVAC & Home Services,Plumbing,Tucson,AZ,https://www.timberhomeservices.com,(664) 536-1190,info@timberhomeservices.com,187,38150000,2011,https://www.linkedin.com/company/timberhomeservices,new location opened;hiring;recent leadership change,Google Maps,"Timber Home Services is a plumbing business based in Tucson, AZ, operating in the hvac & home services space since 2011."
143,Foundry Manufacturing,Manufacturing,Precision Machining,Pittsburgh,PA,https://www.foundrymanufacturing.com,(548) 989-3866,info@foundrymanufacturing.com,49,7410000,1980,https://www.linkedin.com/company/foundrymanufacturing,new location opened;website redesign;press mention,State Business Registry,"Foundry Manufacturing is a precision machining business based in Pittsburgh, PA, operating in the manufacturing space since 1980."
144,Pioneer Home Services,HVAC & Home Services,Electrical,Kansas City,MO,,(844) 358-4946,,117,15780000,2011,https://www.linkedin.com/company/pioneerhomeservices,recent leadership change;press mention;website redesign,Google Maps,"Pioneer Home Services is a electrical business based in Kansas City, MO, operating in the hvac & home services space since 2011."
145,Vanguard Clinic Group,Healthcare Services,Physical Therapy,Omaha,NE,,(423) 884-1301,,233,24590000,1981,https://www.linkedin.com/company/vanguardclinicgroup,press mention;expanded service area,LinkedIn Company Search,"Vanguard Clinic Group is a physical therapy business based in Omaha, NE, operating in the healthcare services space since 1981."
146,Summit Kitchen Co,Food & Beverage,Catering,Kansas City,MO,https://www.summitkitchenco.com,(507) 181-1648,info@summitkitchenco.com,143,35520000,1990,https://www.linkedin.com/company/summitkitchenco,website redesign;press mention,Google Maps,"Summit Kitchen Co is a catering business based in Kansas City, MO, operating in the food & beverage space since 1990."
147,Cascade Advisors,Professional Services,Accounting Firm,Tampa,FL,https://www.cascadeadvisors.com,(410) 829-9284,info@cascadeadvisors.com,104,17820000,1999,,expanded service area,Google Maps,"Cascade Advisors is a accounting firm business based in Tampa, FL, operating in the professional services space since 1999."
148,Cedarbrook Development,Construction,General Contracting,Charlotte,NC,https://www.cedarbrookdevelopment.com,(675) 782-1547,info@cedarbrookdevelopment.com,58,10710000,2008,https://www.linkedin.com/company/cedarbrookdevelopment,hiring;expanded service area,State Business Registry,"Cedarbrook Development is a general contracting business based in Charlotte, NC, operating in the construction space since 2008."
149,Foundry Beverage Co,Food & Beverage,Craft Beverage,Austin,TX,https://www.foundrybeverageco.com,(256) 574-7124,info@foundrybeverageco.com,44,4000000,2018,https://www.linkedin.com/company/foundrybeverageco,hiring,State Business Registry,"Foundry Beverage Co is a craft beverage business based in Austin, TX, operating in the food & beverage space since 2018."
150,Vanguard Auto Group,Automotive Services,Car Wash Chain,Nashville,TN,https://www.vanguardautogroup.com,(761) 473-7186,info@vanguardautogroup.com,187,48100000,1995,https://www.linkedin.com/company/vanguardautogroup,hiring,State Business Registry,"Vanguard Auto Group is a car wash chain business based in Nashville, TN, operating in the automotive services space since 1995."
151,Foundry Technologies,IT Services & MSP,Software Support,Cincinnati,OH,https://www.foundrytechnologies.com,(841) 260-7751,info@foundrytechnologies.com,229,48560000,1984,https://www.linkedin.com/company/foundrytechnologies,new location opened,LinkedIn Company Search,"Foundry Technologies is a software support business based in Cincinnati, OH, operating in the it services & msp space since 1984."
152,Ironwood Construction Group,Construction,Landscaping,Phoenix,AZ,https://www.ironwoodconstructiongroup.com,(818) 850-2469,info@ironwoodconstructiongroup.com,152,17850000,1978,https://www.linkedin.com/company/ironwoodconstructiongroup,,Industry Directory,"Ironwood Construction Group is a landscaping business based in Phoenix, AZ, operating in the construction space since 1978."
153,Coastal Service Center,Automotive Services,Car Wash Chain,Denver,CO,https://www.coastalservicecenter.com,(679) 452-3206,info@coastalservicecenter.com,152,36880000,2000,,new location opened;recent leadership change;press mention,State Business Registry,"Coastal Service Center is a car wash chain business based in Denver, CO, operating in the automotive services space since 2000."
154,Pioneer Supply Co,Logistics & Distribution,Last-Mile Delivery,Richmond,VA,https://www.pioneersupplyco.com,(133) 183-2519,info@pioneersupplyco.com,191,27440000,1992,,hiring,State Business Registry,"Pioneer Supply Co is a last-mile delivery business based in Richmond, VA, operating in the logistics & distribution space since 1992."
155,Redstone Health Partners,Healthcare Services,Home Health Care,Tampa,FL,https://www.redstonehealthpartners.com,(894) 939-6857,info@redstonehealthpartners.com,175,30310000,2010,,press mention,LinkedIn Company Search,"Redstone Health Partners is a home health care business based in Tampa, FL, operating in the healthcare services space since 2010."
156,Foundry Industrial,Manufacturing,Packaging,Columbus,OH,https://www.foundryindustrial.com,(683) 263-9765,info@foundryindustrial.com,31,4820000,1995,https://www.linkedin.com/company/foundryindustrial,hiring;website redesign,Google Maps,"Foundry Industrial is a packaging business based in Columbus, OH, operating in the manufacturing space since 1995."
157,Westbrook Service Center,Automotive Services,Car Wash Chain,Omaha,NE,https://www.westbrookservicecenter.com,(810) 135-7666,info@westbrookservicecenter.com,140,14880000,1997,,press mention;hiring,Google Maps,"Westbrook Service Center is a car wash chain business based in Omaha, NE, operating in the automotive services space since 1997."
158,Bluepeak Home Services,HVAC & Home Services,Electrical,Nashville,TN,https://www.bluepeakhomeservices.com,(562) 352-9796,info@bluepeakhomeservices.com,248,52290000,2004,https://www.linkedin.com/company/bluepeakhomeservices,expanded service area,LinkedIn Company Search,"Bluepeak Home Services is a electrical business based in Nashville, TN, operating in the hvac & home services space since 2004."
159,Foundry Health Partners,Healthcare Services,Urgent Care,Richmond,VA,https://www.foundryhealthpartners.com,(442) 104-1170,info@foundryhealthpartners.com,37,5890000,2007,https://www.linkedin.com/company/foundryhealthpartners,recent leadership change,State Business Registry,"Foundry Health Partners is a urgent care business based in Richmond, VA, operating in the healthcare services space since 2007."
160,Westbrook IT Group,IT Services & MSP,Cloud Consulting,Salt Lake City,UT,https://www.westbrookitgroup.com,(819) 952-3483,info@westbrookitgroup.com,230,49500000,1980,https://www.linkedin.com/company/westbrookitgroup,hiring;press mention;website redesign,LinkedIn Company Search,"Westbrook IT Group is a cloud consulting business based in Salt Lake City, UT, operating in the it services & msp space since 1980."
161,Cedarbrook Fleet Co,Automotive Services,Fleet Maintenance,Richmond,VA,https://www.cedarbrookfleetco.com,(209) 820-8259,info@cedarbrookfleetco.com,167,17080000,2020,https://www.linkedin.com/company/cedarbrookfleetco,hiring;new location opened,Industry Directory,"Cedarbrook Fleet Co is a fleet maintenance business based in Richmond, VA, operating in the automotive services space since 2020."
162,Sterling Motorworks,Automotive Services,Fleet Maintenance,Cincinnati,OH,https://www.sterlingmotorworks.com,(778) 992-1855,info@sterlingmotorworks.com,81,14780000,1985,https://www.linkedin.com/company/sterlingmotorworks,recent leadership change,Google Maps,"Sterling Motorworks is a fleet maintenance business based in Cincinnati, OH, operating in the automotive services space since 1985."
163,Cascade Learning Group,Education & Training,Vocational School,Boise,ID,https://www.cascadelearninggroup.com,(227) 543-8428,info@cascadelearninggroup.com,10,2210000,1985,https://www.linkedin.com/company/cascadelearninggroup,new location opened,LinkedIn Company Search,"Cascade Learning Group is a vocational school business based in Boise, ID, operating in the education & training space since 1985."
164,Anchor Home Services,HVAC & Home Services,Plumbing,Tucson,AZ,https://www.anchorhomeservices.com,(523) 328-4748,info@anchorhomeservices.com,233,22970000,1999,https://www.linkedin.com/company/anchorhomeservices,hiring,Industry Directory,"Anchor Home Services is a plumbing business based in Tucson, AZ, operating in the hvac & home services space since 1999."
165,Cedarbrook Construction Group,Construction,Landscaping,Charlotte,NC,https://www.cedarbrookconstructiongroup.com,(151) 906-4288,info@cedarbrookconstructiongroup.com,38,9690000,1984,https://www.linkedin.com/company/cedarbrookconstructiongroup,press mention,LinkedIn Company Search,"Cedarbrook Construction Group is a landscaping business based in Charlotte, NC, operating in the construction space since 1984."
166,Highland Fabrication,Manufacturing,Precision Machining,Denver,CO,https://www.highlandfabrication.com,(843) 657-5732,info@highlandfabrication.com,172,18730000,1990,https://www.linkedin.com/company/highlandfabrication,,Google Maps,"Highland Fabrication is a precision machining business based in Denver, CO, operating in the manufacturing space since 1990."
167,Ironwood Logistics,Logistics & Distribution,Warehousing,Kansas City,MO,https://www.ironwoodlogistics.com,(675) 544-9449,info@ironwoodlogistics.com,116,18330000,2009,https://www.linkedin.com/company/ironwoodlogistics,recent leadership change;new location opened;expanded service area,Industry Directory,"Ironwood Logistics is a warehousing business based in Kansas City, MO, operating in the logistics & distribution space since 2009."
168,Westbrook Fabrication,Manufacturing,Industrial Equipment,Charlotte,NC,https://www.westbrookfabrication.com,(732) 636-1447,info@westbrookfabrication.com,26,4510000,1987,https://www.linkedin.com/company/westbrookfabrication,new location opened;expanded service area;hiring,Google Maps,"Westbrook Fabrication is a industrial equipment business based in Charlotte, NC, operating in the manufacturing space since 1987."
169,Anchor Health Partners,Healthcare Services,Home Health Care,Austin,TX,https://www.anchorhealthpartners.com,(415) 911-3885,info@anchorhealthpartners.com,113,13370000,2000,https://www.linkedin.com/company/anchorhealthpartners,new location opened;expanded service area;press mention,LinkedIn Company Search,"Anchor Health Partners is a home health care business based in Austin, TX, operating in the healthcare services space since 2000."
170,Timber Foods,Food & Beverage,Craft Beverage,Austin,TX,https://www.timberfoods.com,(457) 225-1255,info@timberfoods.com,186,33370000,2011,,expanded service area;recent leadership change,Industry Directory,"Timber Foods is a craft beverage business based in Austin, TX, operating in the food & beverage space since 2011."
171,Coastal Freight,Logistics & Distribution,Freight Brokerage,Boise,ID,,(951) 755-8443,,35,5570000,1994,https://www.linkedin.com/company/coastalfreight,website redesign,State Business Registry,"Coastal Freight is a freight brokerage business based in Boise, ID, operating in the logistics & distribution space since 1994."
172,Harbor Mechanical,HVAC & Home Services,Roofing,Denver,CO,https://www.harbormechanical.com,(305) 693-9255,info@harbormechanical.com,127,15180000,1998,https://www.linkedin.com/company/harbormechanical,,Industry Directory,"Harbor Mechanical is a roofing business based in Denver, CO, operating in the hvac & home services space since 1998."
173,Meridian Consulting Group,Professional Services,Staffing Agency,Richmond,VA,https://www.meridianconsultinggroup.com,(383) 471-7601,info@meridianconsultinggroup.com,76,6890000,1977,https://www.linkedin.com/company/meridianconsultinggroup,expanded service area;website redesign;press mention,Industry Directory,"Meridian Consulting Group is a staffing agency business based in Richmond, VA, operating in the professional services space since 1977."
174,Meridian Advisors,Professional Services,Marketing Agency,Omaha,NE,https://www.meridianadvisors.com,(787) 737-7886,info@meridianadvisors.com,96,25460000,2012,,recent leadership change;hiring;new location opened,Industry Directory,"Meridian Advisors is a marketing agency business based in Omaha, NE, operating in the professional services space since 2012."
175,Summit Provisions,Food & Beverage,Catering,Charlotte,NC,https://www.summitprovisions.com,(780) 207-7608,info@summitprovisions.com,247,25760000,1986,https://www.linkedin.com/company/summitprovisions,hiring;recent leadership change,LinkedIn Company Search,"Summit Provisions is a catering business based in Charlotte, NC, operating in the food & beverage space since 1986."
176,Granite Wellness,Healthcare Services,Physical Therapy,Richmond,VA,,(465) 507-2660,,141,36270000,2002,https://www.linkedin.com/company/granitewellness,expanded service area,LinkedIn Company Search,"Granite Wellness is a physical therapy business based in Richmond, VA, operating in the healthcare services space since 2002."
177,Harbor Provisions,Food & Beverage,Catering,Phoenix,AZ,https://www.harborprovisions.com,(585) 663-2044,info@harborprovisions.com,48,10410000,2004,https://www.linkedin.com/company/harborprovisions,,LinkedIn Company Search,"Harbor Provisions is a catering business based in Phoenix, AZ, operating in the food & beverage space since 2004."
178,Anchor Comfort Systems,HVAC & Home Services,HVAC Installation,Indianapolis,IN,https://www.anchorcomfortsystems.com,(224) 515-2927,info@anchorcomfortsystems.com,147,30620000,2018,https://www.linkedin.com/company/anchorcomfortsystems,hiring,LinkedIn Company Search,"Anchor Comfort Systems is a hvac installation business based in Indianapolis, IN, operating in the hvac & home services space since 2018."
179,Vanguard Builders,Construction,Specialty Trades,Phoenix,AZ,https://www.vanguardbuilders.com,(976) 696-8572,info@vanguardbuilders.com,25,4670000,2004,https://www.linkedin.com/company/vanguardbuilders,,Industry Directory,"Vanguard Builders is a specialty trades business based in Phoenix, AZ, operating in the construction space since 2004."
180,Redstone Education Partners,Education & Training,Tutoring Services,Kansas City,MO,https://www.redstoneeducationpartners.com,(612) 490-1182,info@redstoneeducationpartners.com,28,7500000,1996,,press mention;expanded service area,Google Maps,"Redstone Education Partners is a tutoring services business based in Kansas City, MO, operating in the education & training space since 1996."
181,Bluepeak Learning Group,Education & Training,Childcare,Denver,CO,https://www.bluepeaklearninggroup.com,(945) 146-6121,info@bluepeaklearninggroup.com,43,10520000,1976,,recent leadership change,State Business Registry,"Bluepeak Learning Group is a childcare business based in Denver, CO, operating in the education & training space since 1976."
182,Coastal Health Partners,Healthcare Services,Home Health Care,Raleigh,NC,https://www.coastalhealthpartners.com,(911) 243-7531,info@coastalhealthpartners.com,172,25460000,1998,https://www.linkedin.com/company/coastalhealthpartners,,LinkedIn Company Search,"Coastal Health Partners is a home health care business based in Raleigh, NC, operating in the healthcare services space since 1998."
183,Vanguard Beverage Co,Food & Beverage,Food Distribution,Nashville,TN,https://www.vanguardbeverageco.com,(335) 259-1612,info@vanguardbeverageco.com,220,33580000,1990,https://www.linkedin.com/company/vanguardbeverageco,new location opened,Google Maps,"Vanguard Beverage Co is a food distribution business based in Nashville, TN, operating in the food & beverage space since 1990."
184,Granite Beverage Co,Food & Beverage,Food Distribution,Indianapolis,IN,https://www.granitebeverageco.com,(798) 846-1989,info@granitebeverageco.com,91,12660000,2019,https://www.linkedin.com/company/granitebeverageco,recent leadership change,LinkedIn Company Search,"Granite Beverage Co is a food distribution business based in Indianapolis, IN, operating in the food & beverage space since 2019."
185,Highland Education Partners,Education & Training,Childcare,Kansas City,MO,https://www.highlandeducationpartners.com,(916) 824-4492,info@highlandeducationpartners.com,235,35300000,1990,https://www.linkedin.com/company/highlandeducationpartners,recent leadership change;hiring;new location opened,Google Maps,"Highland Education Partners is a childcare business based in Kansas City, MO, operating in the education & training space since 1990."
186,Bluepeak Systems,IT Services & MSP,Cloud Consulting,Salt Lake City,UT,https://www.bluepeaksystems.com,(648) 352-3545,info@bluepeaksystems.com,197,43040000,2022,https://www.linkedin.com/company/bluepeaksystems,expanded service area;new location opened,Google Maps,"Bluepeak Systems is a cloud consulting business based in Salt Lake City, UT, operating in the it services & msp space since 2022."
187,Coastal Consulting Group,Professional Services,Staffing Agency,Phoenix,AZ,https://www.coastalconsultinggroup.com,(295) 186-4033,info@coastalconsultinggroup.com,98,19760000,2015,https://www.linkedin.com/company/coastalconsultinggroup,new location opened;hiring;website redesign,Google Maps,"Coastal Consulting Group is a staffing agency business based in Phoenix, AZ, operating in the professional services space since 2015."
188,Timber Construction Group,Construction,Specialty Trades,Raleigh,NC,https://www.timberconstructiongroup.com,,info@timberconstructiongroup.com,246,45740000,1997,https://www.linkedin.com/company/timberconstructiongroup,press mention,LinkedIn Company Search,"Timber Construction Group is a specialty trades business based in Raleigh, NC, operating in the construction space since 1997."
189,Riverside Comfort Systems,HVAC & Home Services,Roofing,Cincinnati,OH,https://www.riversidecomfortsystems.com,(326) 432-1880,info@riversidecomfortsystems.com,115,21070000,2023,https://www.linkedin.com/company/riversidecomfortsystems,expanded service area,Google Maps,"Riverside Comfort Systems is a roofing business based in Cincinnati, OH, operating in the hvac & home services space since 2023."
190,Sterling Training Institute,Education & Training,Childcare,Phoenix,AZ,https://www.sterlingtraininginstitute.com,(912) 498-5330,info@sterlingtraininginstitute.com,234,58150000,2004,https://www.linkedin.com/company/sterlingtraininginstitute,website redesign;new location opened,State Business Registry,"Sterling Training Institute is a childcare business based in Phoenix, AZ, operating in the education & training space since 2004."
191,Apex Networks,IT Services & MSP,Cloud Consulting,Nashville,TN,https://www.apexnetworks.com,(216) 892-8687,info@apexnetworks.com,49,11210000,1995,,,Google Maps,"Apex Networks is a cloud consulting business based in Nashville, TN, operating in the it services & msp space since 1995."
192,Summit Partners,Professional Services,Accounting Firm,Denver,CO,https://www.summitpartners.com,(746) 110-7136,info@summitpartners.com,245,57480000,2001,,website redesign;press mention,State Business Registry,"Summit Partners is a accounting firm business based in Denver, CO, operating in the professional services space since 2001."
193,Crestline Comfort Systems,HVAC & Home Services,HVAC Installation,Denver,CO,https://www.crestlinecomfortsystems.com,(148) 919-3525,info@crestlinecomfortsystems.com,137,35570000,1978,https://www.linkedin.com/company/crestlinecomfortsystems,hiring,LinkedIn Company Search,"Crestline Comfort Systems is a hvac installation business based in Denver, CO, operating in the hvac & home services space since 1978."
194,Summit Technologies,IT Services & MSP,Managed IT,Sacramento,CA,https://www.summittechnologies.com,(278) 671-7774,info@summittechnologies.com,161,34180000,1981,https://www.linkedin.com/company/summittechnologies,recent leadership change;press mention;website redesign,Industry Directory,"Summit Technologies is a managed it business based in Sacramento, CA, operating in the it services & msp space since 1981."
195,Ironwood & Associates,Professional Services,Law Firm,Denver,CO,,(607) 938-5801,,211,45210000,1982,https://www.linkedin.com/company/ironwoodassociates,expanded service area;press mention,LinkedIn Company Search,"Ironwood & Associates is a law firm business based in Denver, CO, operating in the professional services space since 1982."
196,Redstone Health Partners,Healthcare Services,Physical Therapy,Richmond,VA,https://www.redstonehealthpartners.com,(430) 188-8185,info@redstonehealthpartners.com,153,22560000,1990,https://www.linkedin.com/company/redstonehealthpartners,expanded service area,LinkedIn Company Search,"Redstone Health Partners is a physical therapy business based in Richmond, VA, operating in the healthcare services space since 1990."
197,Lakeside IT Group,IT Services & MSP,Managed IT,Kansas City,MO,https://www.lakesideitgroup.com,(461) 269-8515,info@lakesideitgroup.com,42,9620000,1987,https://www.linkedin.com/company/lakesideitgroup,hiring,LinkedIn Company Search,"Lakeside IT Group is a managed it business based in Kansas City, MO, operating in the it services & msp space since 1987."
198,Vanguard Advisors,Professional Services,Marketing Agency,Richmond,VA,https://www.vanguardadvisors.com,,info@vanguardadvisors.com,176,22430000,1993,,hiring;recent leadership change,Google Maps,"Vanguard Advisors is a marketing agency business based in Richmond, VA, operating in the professional services space since 1993."
199,Redstone Supply Co,Logistics & Distribution,Wholesale Distribution,Portland,OR,https://www.redstonesupplyco.com,(527) 261-3103,info@redstonesupplyco.com,110,12330000,1977,https://www.linkedin.com/company/redstonesupplyco,press mention;recent leadership change;website redesign,State Business Registry,"Redstone Supply Co is a wholesale distribution business based in Portland, OR, operating in the logistics & distribution space since 1977."
200,Vanguard Academy,Education & Training,Vocational School,Charlotte,NC,https://www.vanguardacademy.com,(520) 596-5802,info@vanguardacademy.com,74,19850000,1990,https://www.linkedin.com/company/vanguardacademy,expanded service area,Google Maps,"Vanguard Academy is a vocational school business based in Charlotte, NC, operating in the education & training space since 1990."
201,Pioneer Health Partners,Healthcare Services,Physical Therapy,Kansas City,MO,https://www.pioneerhealthpartners.com,(356) 196-6348,info@pioneerhealthpartners.com,161,38800000,1985,https://www.linkedin.com/company/pioneerhealthpartners,recent leadership change,Google Maps,"Pioneer Health Partners is a physical therapy business based in Kansas City, MO, operating in the healthcare services space since 1985."
202,Westbrook Academy,Education & Training,Tutoring Services,Portland,OR,https://www.westbrookacademy.com,(661) 186-6354,info@westbrookacademy.com,169,27490000,1982,https://www.linkedin.com/company/westbrookacademy,,LinkedIn Company Search,"Westbrook Academy is a tutoring services business based in Portland, OR, operating in the education & training space since 1982."
203,Highland Distribution,Logistics & Distribution,Last-Mile Delivery,Nashville,TN,https://www.highlanddistribution.com,(465) 853-1145,info@highlanddistribution.com,216,56980000,2000,https://www.linkedin.com/company/highlanddistribution,recent leadership change,Google Maps,"Highland Distribution is a last-mile delivery business based in Nashville, TN, operating in the logistics & distribution space since 2000."
204,Foundry Logistics,Logistics & Distribution,Last-Mile Delivery,Cincinnati,OH,https://www.foundrylogistics.com,(971) 659-4920,info@foundrylogistics.com,173,29080000,1985,https://www.linkedin.com/company/foundrylogistics,expanded service area;recent leadership change,LinkedIn Company Search,"Foundry Logistics is a last-mile delivery business based in Cincinnati, OH, operating in the logistics & distribution space since 1985."
205,Westbrook Academy,Education & Training,Vocational School,Cincinnati,OH,https://www.westbrookacademy.com,(683) 415-4451,info@westbrookacademy.com,210,31760000,1978,https://www.linkedin.com/company/westbrookacademy,hiring,Industry Directory,"Westbrook Academy is a vocational school business based in Cincinnati, OH, operating in the education & training space since 1978."
206,Cedarbrook Supply Co,Logistics & Distribution,Wholesale Distribution,Richmond,VA,https://www.cedarbrooksupplyco.com,(562) 924-4423,info@cedarbrooksupplyco.com,83,21460000,2012,https://www.linkedin.com/company/cedarbrooksupplyco,,State Business Registry,"Cedarbrook Supply Co is a wholesale distribution business based in Richmond, VA, operating in the logistics & distribution space since 2012."
207,Cedarbrook Manufacturing,Manufacturing,Precision Machining,Boise,ID,https://www.cedarbrookmanufacturing.com,(734) 886-6272,info@cedarbrookmanufacturing.com,198,34240000,2004,,recent leadership change;website redesign,Google Maps,"Cedarbrook Manufacturing is a precision machining business based in Boise, ID, operating in the manufacturing space since 2004."
208,Anchor Foods,Food & Beverage,Food Distribution,Austin,TX,https://www.anchorfoods.com,(881) 154-2533,info@anchorfoods.com,193,26320000,2001,,expanded service area,LinkedIn Company Search,"Anchor Foods is a food distribution business based in Austin, TX, operating in the food & beverage space since 2001."
209,Northgate Learning Group,Education & Training,Vocational School,Cincinnati,OH,https://www.northgatelearninggroup.com,(574) 562-7485,info@northgatelearninggroup.com,159,29130000,2012,https://www.linkedin.com/company/northgatelearninggroup,hiring;website redesign,Industry Directory,"Northgate Learning Group is a vocational school business based in Cincinnati, OH, operating in the education & training space since 2012."
210,Vanguard Networks,IT Services & MSP,Managed IT,Boise,ID,https://www.vanguardnetworks.com,(159) 415-8433,info@vanguardnetworks.com,78,20960000,2020,https://www.linkedin.com/company/vanguardnetworks,hiring,LinkedIn Company Search,"Vanguard Networks is a managed it business based in Boise, ID, operating in the it services & msp space since 2020."
211,Timber Works,Manufacturing,Packaging,Charlotte,NC,https://www.timberworks.com,(670) 648-2018,info@timberworks.com,55,11660000,1988,,,State Business Registry,"Timber Works is a packaging business based in Charlotte, NC, operating in the manufacturing space since 1988."
212,Lakeside Partners,Professional Services,Accounting Firm,Richmond,VA,https://www.lakesidepartners.com,(886) 364-1065,info@lakesidepartners.com,144,29270000,2017,,hiring,Industry Directory,"Lakeside Partners is a accounting firm business based in Richmond, VA, operating in the professional services space since 2017."
213,Bluepeak Motorworks,Automotive Services,Auto Repair,Austin,TX,https://www.bluepeakmotorworks.com,(305) 410-7909,info@bluepeakmotorworks.com,23,3440000,2015,https://www.linkedin.com/company/bluepeakmotorworks,expanded service area,Google Maps,"Bluepeak Motorworks is a auto repair business based in Austin, TX, operating in the automotive services space since 2015."
214,Cascade Education Partners,Education & Training,Tutoring Services,Phoenix,AZ,,(259) 686-7972,,13,2960000,2022,https://www.linkedin.com/company/cascadeeducationpartners,hiring;press mention;website redesign,State Business Registry,"Cascade Education Partners is a tutoring services business based in Phoenix, AZ, operating in the education & training space since 2022."
215,Sterling Comfort Systems,HVAC & Home Services,Plumbing,Salt Lake City,UT,https://www.sterlingcomfortsystems.com,(316) 275-5375,info@sterlingcomfortsystems.com,38,9050000,2022,https://www.linkedin.com/company/sterlingcomfortsystems,press mention;new location opened,Google Maps,"Sterling Comfort Systems is a plumbing business based in Salt Lake City, UT, operating in the hvac & home services space since 2022."
216,Granite Works,Manufacturing,Packaging,Cincinnati,OH,https://www.graniteworks.com,(691) 237-4594,info@graniteworks.com,44,4460000,1992,https://www.linkedin.com/company/graniteworks,hiring,LinkedIn Company Search,"Granite Works is a packaging business based in Cincinnati, OH, operating in the manufacturing space since 1992."
217,Westbrook Freight,Logistics & Distribution,Warehousing,Tampa,FL,https://www.westbrookfreight.com,(570) 645-1212,info@westbrookfreight.com,235,52510000,1991,https://www.linkedin.com/company/westbrookfreight,website redesign;expanded service area,State Business Registry,"Westbrook Freight is a warehousing business based in Tampa, FL, operating in the logistics & distribution space since 1991."
218,Redstone Learning Group,Education & Training,Tutoring Services,Charlotte,NC,https://www.redstonelearninggroup.com,(294) 517-6939,info@redstonelearninggroup.com,13,1280000,2014,https://www.linkedin.com/company/redstonelearninggroup,hiring,Google Maps,"Redstone Learning Group is a tutoring services business based in Charlotte, NC, operating in the education & training space since 2014."
219,Redstone Systems,IT Services & MSP,Software Support,Phoenix,AZ,https://www.redstonesystems.com,(235) 361-5129,info@redstonesystems.com,105,27730000,2019,https://www.linkedin.com/company/redstonesystems,expanded service area;recent leadership change,Industry Directory,"Redstone Systems is a software support business based in Phoenix, AZ, operating in the it services & msp space since 2019."
220,Summit Education Partners,Education & Training,Corporate Training,Raleigh,NC,https://www.summiteducationpartners.com,(142) 400-8490,info@summiteducationpartners.com,221,22770000,1992,,recent leadership change;press mention,Google Maps,"Summit Education Partners is a corporate training business based in Raleigh, NC, operating in the education & training space since 1992."
221,Cascade Foods,Food & Beverage,Catering,Salt Lake City,UT,https://www.cascadefoods.com,(568) 263-8238,info@cascadefoods.com,59,7570000,1990,https://www.linkedin.com/company/cascadefoods,website redesign,LinkedIn Company Search,"Cascade Foods is a catering business based in Salt Lake City, UT, operating in the food & beverage space since 1990."
222,Harbor Logistics,Logistics & Distribution,Last-Mile Delivery,Pittsburgh,PA,https://www.harborlogistics.com,,info@harborlogistics.com,242,63320000,1976,,website redesign;hiring;new location opened,State Business Registry,"Harbor Logistics is a last-mile delivery business based in Pittsburgh, PA, operating in the logistics & distribution space since 1976."
223,Granite Beverage Co,Food & Beverage,Food Distribution,Denver,CO,https://www.granitebeverageco.com,(543) 180-6181,info@granitebeverageco.com,123,18930000,1999,https://www.linkedin.com/company/granitebeverageco,website redesign;new location opened,LinkedIn Company Search,"Granite Beverage Co is a food distribution business based in Denver, CO, operating in the food & beverage space since 1999."
224,Vanguard IT Group,IT Services & MSP,Cloud Consulting,Phoenix,AZ,https://www.vanguarditgroup.com,(635) 905-6990,info@vanguarditgroup.com,29,7660000,1983,https://www.linkedin.com/company/vanguarditgroup,hiring,LinkedIn Company Search,"Vanguard IT Group is a cloud consulting business based in Phoenix, AZ, operating in the it services & msp space since 1983."
225,Foundry Motorworks,Automotive Services,Auto Parts Distribution,Austin,TX,https://www.foundrymotorworks.com,(879) 679-4423,info@foundrymotorworks.com,185,22180000,2012,,,Google Maps,"Foundry Motorworks is a auto parts distribution business based in Austin, TX, operating in the automotive services space since 2012."
226,Union Logistics,Logistics & Distribution,Wholesale Distribution,Milwaukee,WI,https://www.unionlogistics.com,,info@unionlogistics.com,225,53760000,2015,https://www.linkedin.com/company/unionlogistics,website redesign,Google Maps,"Union Logistics is a wholesale distribution business based in Milwaukee, WI, operating in the logistics & distribution space since 2015."
227,Apex Partners,Professional Services,Staffing Agency,Nashville,TN,https://www.apexpartners.com,(753) 433-1617,info@apexpartners.com,85,9510000,2001,https://www.linkedin.com/company/apexpartners,,Google Maps,"Apex Partners is a staffing agency business based in Nashville, TN, operating in the professional services space since 2001."
228,Sterling Education Partners,Education & Training,Vocational School,Salt Lake City,UT,https://www.sterlingeducationpartners.com,(979) 321-3034,info@sterlingeducationpartners.com,183,21510000,1983,https://www.linkedin.com/company/sterlingeducationpartners,hiring;new location opened;press mention,Google Maps,"Sterling Education Partners is a vocational school business based in Salt Lake City, UT, operating in the education & training space since 1983."
229,Cedarbrook Academy,Education & Training,Childcare,Austin,TX,https://www.cedarbrookacademy.com,(620) 251-9311,info@cedarbrookacademy.com,130,34400000,2019,https://www.linkedin.com/company/cedarbrookacademy,,Google Maps,"Cedarbrook Academy is a childcare business based in Austin, TX, operating in the education & training space since 2019."
230,Coastal Systems,IT Services & MSP,Software Support,Salt Lake City,UT,https://www.coastalsystems.com,(756) 481-6598,info@coastalsystems.com,212,49990000,1996,,website redesign;recent leadership change,Google Maps,"Coastal Systems is a software support business based in Salt Lake City, UT, operating in the it services & msp space since 1996."
231,Redstone Fabrication,Manufacturing,Packaging,Cincinnati,OH,https://www.redstonefabrication.com,(627) 197-3244,info@redstonefabrication.com,248,50110000,2021,https://www.linkedin.com/company/redstonefabrication,website redesign;recent leadership change,LinkedIn Company Search,"Redstone Fabrication is a packaging business based in Cincinnati, OH, operating in the manufacturing space since 2021."
232,Crestline Kitchen Co,Food & Beverage,Craft Beverage,Sacramento,CA,https://www.crestlinekitchenco.com,(832) 431-4024,info@crestlinekitchenco.com,31,6690000,2001,https://www.linkedin.com/company/crestlinekitchenco,new location opened;hiring;expanded service area,Google Maps,"Crestline Kitchen Co is a craft beverage business based in Sacramento, CA, operating in the food & beverage space since 2001."
233,Meridian Air Solutions,HVAC & Home Services,Plumbing,Charlotte,NC,https://www.meridianairsolutions.com,(668) 213-6534,info@meridianairsolutions.com,123,21400000,2005,https://www.linkedin.com/company/meridianairsolutions,website redesign,Google Maps,"Meridian Air Solutions is a plumbing business based in Charlotte, NC, operating in the hvac & home services space since 2005."
234,Foundry Partners,Professional Services,Law Firm,Milwaukee,WI,https://www.foundrypartners.com,,info@foundrypartners.com,232,48870000,2006,https://www.linkedin.com/company/foundrypartners,new location opened,Google Maps,"Foundry Partners is a law firm business based in Milwaukee, WI, operating in the professional services space since 2006."
235,Redstone Fleet Co,Automotive Services,Car Wash Chain,Tucson,AZ,https://www.redstonefleetco.com,(426) 758-6562,info@redstonefleetco.com,9,1190000,1981,https://www.linkedin.com/company/redstonefleetco,website redesign,Industry Directory,"Redstone Fleet Co is a car wash chain business based in Tucson, AZ, operating in the automotive services space since 1981."
236,Meridian IT Group,IT Services & MSP,Managed IT,Salt Lake City,UT,https://www.meridianitgroup.com,(612) 962-4185,info@meridianitgroup.com,36,5650000,2002,https://www.linkedin.com/company/meridianitgroup,new location opened;press mention,Google Maps,"Meridian IT Group is a managed it business based in Salt Lake City, UT, operating in the it services & msp space since 2002."
237,Summit Fleet Co,Automotive Services,Fleet Maintenance,Portland,OR,https://www.summitfleetco.com,(597) 536-5578,info@summitfleetco.com,149,35870000,1985,https://www.linkedin.com/company/summitfleetco,expanded service area,State Business Registry,"Summit Fleet Co is a fleet maintenance business based in Portland, OR, operating in the automotive services space since 1985."
238,Ironwood Networks,IT Services & MSP,Cloud Consulting,Raleigh,NC,https://www.ironwoodnetworks.com,(359) 969-4367,info@ironwoodnetworks.com,203,20910000,1977,https://www.linkedin.com/company/ironwoodnetworks,expanded service area;website redesign,Industry Directory,"Ironwood Networks is a cloud consulting business based in Raleigh, NC, operating in the it services & msp space since 1977."
239,Redstone Health Partners,Healthcare Services,Physical Therapy,Salt Lake City,UT,https://www.redstonehealthpartners.com,(178) 472-4208,info@redstonehealthpartners.com,126,18930000,2007,https://www.linkedin.com/company/redstonehealthpartners,hiring;new location opened,LinkedIn Company Search,"Redstone Health Partners is a physical therapy business based in Salt Lake City, UT, operating in the healthcare services space since 2007."
240,Ironwood Comfort Systems,HVAC & Home Services,HVAC Installation,Charlotte,NC,https://www.ironwoodcomfortsystems.com,(632) 946-5384,info@ironwoodcomfortsystems.com,134,35290000,2020,https://www.linkedin.com/company/ironwoodcomfortsystems,website redesign,Industry Directory,"Ironwood Comfort Systems is a hvac installation business based in Charlotte, NC, operating in the hvac & home services space since 2020."
241,Meridian IT Group,IT Services & MSP,Managed IT,Boise,ID,https://www.meridianitgroup.com,(298) 272-5705,info@meridianitgroup.com,187,32080000,1988,https://www.linkedin.com/company/meridianitgroup,expanded service area;new location opened,State Business Registry,"Meridian IT Group is a managed it business based in Boise, ID, operating in the it services & msp space since 1988."
242,Vanguard Health Partners,Healthcare Services,Urgent Care,Portland,OR,https://www.vanguardhealthpartners.com,(216) 917-7969,info@vanguardhealthpartners.com,52,5780000,2020,https://www.linkedin.com/company/vanguardhealthpartners,press mention;website redesign,Google Maps,"Vanguard Health Partners is a urgent care business based in Portland, OR, operating in the healthcare services space since 2020."
243,Vanguard Wellness,Healthcare Services,Urgent Care,Phoenix,AZ,https://www.vanguardwellness.com,(636) 788-9174,info@vanguardwellness.com,88,8970000,1991,https://www.linkedin.com/company/vanguardwellness,press mention,Google Maps,"Vanguard Wellness is a urgent care business based in Phoenix, AZ, operating in the healthcare services space since 1991."
244,Timber Training Institute,Education & Training,Corporate Training,Portland,OR,https://www.timbertraininginstitute.com,(349) 538-4021,info@timbertraininginstitute.com,98,9050000,1992,https://www.linkedin.com/company/timbertraininginstitute,press mention;hiring;website redesign,LinkedIn Company Search,"Timber Training Institute is a corporate training business based in Portland, OR, operating in the education & training space since 1992."
245,Lakeside Partners,Professional Services,Marketing Agency,Portland,OR,https://www.lakesidepartners.com,(751) 393-3346,info@lakesidepartners.com,188,41300000,2000,https://www.linkedin.com/company/lakesidepartners,website redesign;expanded service area,Google Maps,"Lakeside Partners is a marketing agency business based in Portland, OR, operating in the professional services space since 2000."
246,Apex Technologies,IT Services & MSP,Cloud Consulting,Austin,TX,https://www.apextechnologies.com,(828) 922-4050,info@apextechnologies.com,70,11240000,1999,https://www.linkedin.com/company/apextechnologies,recent leadership change;new location opened,LinkedIn Company Search,"Apex Technologies is a cloud consulting business based in Austin, TX, operating in the it services & msp space since 1999."
247,Apex Beverage Co,Food & Beverage,Commercial Bakery,Kansas City,MO,https://www.apexbeverageco.com,(665) 684-4106,info@apexbeverageco.com,80,20130000,1981,https://www.linkedin.com/company/apexbeverageco,recent leadership change,State Business Registry,"Apex Beverage Co is a commercial bakery business based in Kansas City, MO, operating in the food & beverage space since 1981."
248,Meridian Air Solutions,HVAC & Home Services,Roofing,Cincinnati,OH,https://www.meridianairsolutions.com,(596) 578-6477,info@meridianairsolutions.com,162,42360000,2019,https://www.linkedin.com/company/meridianairsolutions,press mention,Google Maps,"Meridian Air Solutions is a roofing business based in Cincinnati, OH, operating in the hvac & home services space since 2019."
249,Foundry Beverage Co,Food & Beverage,Commercial Bakery,Milwaukee,WI,https://www.foundrybeverageco.com,(141) 640-7272,info@foundrybeverageco.com,108,10110000,1993,https://www.linkedin.com/company/foundrybeverageco,,State Business Registry,"Foundry Beverage Co is a commercial bakery business based in Milwaukee, WI, operating in the food & beverage space since 1993."
250,Redstone Air Solutions,HVAC & Home Services,Roofing,Denver,CO,https://www.redstoneairsolutions.com,(240) 940-4813,info@redstoneairsolutions.com,16,1970000,1994,https://www.linkedin.com/company/redstoneairsolutions,website redesign;press mention,Industry Directory,"Redstone Air Solutions is a roofing business based in Denver, CO, operating in the hvac & home services space since 1994."
251,Vanguard Consulting Group,Professional Services,Law Firm,Indianapolis,IN,https://www.vanguardconsultinggroup.com,(497) 962-7194,info@vanguardconsultinggroup.com,227,29420000,2018,https://www.linkedin.com/company/vanguardconsultinggroup,press mention;website redesign,Google Maps,"Vanguard Consulting Group is a law firm business based in Indianapolis, IN, operating in the professional services space since 2018."
252,Meridian Clinic Group,Healthcare Services,Physical Therapy,Phoenix,AZ,https://www.meridianclinicgroup.com,(531) 586-5338,info@meridianclinicgroup.com,90,17350000,2008,https://www.linkedin.com/company/meridianclinicgroup,website redesign;new location opened;expanded service area,LinkedIn Company Search,"Meridian Clinic Group is a physical therapy business based in Phoenix, AZ, operating in the healthcare services space since 2008."
253,Bluepeak IT Group,IT Services & MSP,Managed IT,Sacramento,CA,https://www.bluepeakitgroup.com,(128) 996-1517,info@bluepeakitgroup.com,6,1590000,2011,https://www.linkedin.com/company/bluepeakitgroup,press mention;expanded service area,Industry Directory,"Bluepeak IT Group is a managed it business based in Sacramento, CA, operating in the it services & msp space since 2011."
254,Highland Auto Group,Automotive Services,Car Wash Chain,Charlotte,NC,,(917) 472-4104,,124,20150000,1998,https://www.linkedin.com/company/highlandautogroup,press mention,LinkedIn Company Search,"Highland Auto Group is a car wash chain business based in Charlotte, NC, operating in the automotive services space since 1998."
255,Vanguard Works,Manufacturing,Packaging,Tucson,AZ,https://www.vanguardworks.com,(395) 597-3560,info@vanguardworks.com,74,17000000,2000,https://www.linkedin.com/company/vanguardworks,hiring,LinkedIn Company Search,"Vanguard Works is a packaging business based in Tucson, AZ, operating in the manufacturing space since 2000."
256,Vanguard Manufacturing,Manufacturing,Metal Fabrication,Nashville,TN,https://www.vanguardmanufacturing.com,(593) 974-4026,info@vanguardmanufacturing.com,72,17390000,1975,https://www.linkedin.com/company/vanguardmanufacturing,website redesign;new location opened,State Business Registry,"Vanguard Manufacturing is a metal fabrication business based in Nashville, TN, operating in the manufacturing space since 1975."
257,Timber Academy,Education & Training,Tutoring Services,Milwaukee,WI,https://www.timberacademy.com,(190) 240-4149,info@timberacademy.com,204,36180000,1987,https://www.linkedin.com/company/timberacademy,expanded service area,Google Maps,"Timber Academy is a tutoring services business based in Milwaukee, WI, operating in the education & training space since 1987."
258,Bluepeak Clinic Group,Healthcare Services,Dental Practice,Sacramento,CA,https://www.bluepeakclinicgroup.com,(762) 837-6740,info@bluepeakclinicgroup.com,139,20080000,1999,https://www.linkedin.com/company/bluepeakclinicgroup,,State Business Registry,"Bluepeak Clinic Group is a dental practice business based in Sacramento, CA, operating in the healthcare services space since 1999."
259,Cascade Provisions,Food & Beverage,Catering,Raleigh,NC,https://www.cascadeprovisions.com,(305) 544-7726,info@cascadeprovisions.com,221,56980000,1999,https://www.linkedin.com/company/cascadeprovisions,new location opened,State Business Registry,"Cascade Provisions is a catering business based in Raleigh, NC, operating in the food & beverage space since 1999."
260,Lakeside Clinic Group,Healthcare Services,Home Health Care,Columbus,OH,https://www.lakesideclinicgroup.com,(217) 759-5306,info@lakesideclinicgroup.com,6,1590000,1992,https://www.linkedin.com/company/lakesideclinicgroup,expanded service area;website redesign,Google Maps,"Lakeside Clinic Group is a home health care business based in Columbus, OH, operating in the healthcare services space since 1992."
261,Anchor Consulting Group,Professional Services,Accounting Firm,Columbus,OH,https://www.anchorconsultinggroup.com,(719) 775-5539,info@anchorconsultinggroup.com,66,13930000,2022,https://www.linkedin.com/company/anchorconsultinggroup,expanded service area,State Business Registry,"Anchor Consulting Group is a accounting firm business based in Columbus, OH, operating in the professional services space since 2022."
262,Redstone Contracting,Construction,Commercial Construction,Nashville,TN,https://www.redstonecontracting.com,(254) 567-4422,info@redstonecontracting.com,139,34610000,1996,,website redesign;recent leadership change,State Business Registry,"Redstone Contracting is a commercial construction business based in Nashville, TN, operating in the construction space since 1996."
263,Granite Academy,Education & Training,Corporate Training,Austin,TX,https://www.graniteacademy.com,(826) 688-5945,info@graniteacademy.com,166,23670000,1990,,website redesign;expanded service area,LinkedIn Company Search,"Granite Academy is a corporate training business based in Austin, TX, operating in the education & training space since 1990."
264,Westbrook Distribution,Logistics & Distribution,Freight Brokerage,Boise,ID,https://www.westbrookdistribution.com,(458) 959-4308,info@westbrookdistribution.com,36,8000000,1998,,recent leadership change;press mention,Industry Directory,"Westbrook Distribution is a freight brokerage business based in Boise, ID, operating in the logistics & distribution space since 1998."
265,Coastal Manufacturing,Manufacturing,Packaging,Denver,CO,https://www.coastalmanufacturing.com,(459) 186-5902,info@coastalmanufacturing.com,61,12870000,2002,https://www.linkedin.com/company/coastalmanufacturing,expanded service area,LinkedIn Company Search,"Coastal Manufacturing is a packaging business based in Denver, CO, operating in the manufacturing space since 2002."
266,Cedarbrook Distribution,Logistics & Distribution,Freight Brokerage,Tampa,FL,https://www.cedarbrookdistribution.com,(849) 488-9614,info@cedarbrookdistribution.com,100,26100000,2010,https://www.linkedin.com/company/cedarbrookdistribution,press mention,Google Maps,"Cedarbrook Distribution is a freight brokerage business based in Tampa, FL, operating in the logistics & distribution space since 2010."
267,Highland Beverage Co,Food & Beverage,Craft Beverage,Kansas City,MO,https://www.highlandbeverageco.com,(301) 775-8490,info@highlandbeverageco.com,238,29490000,2008,https://www.linkedin.com/company/highlandbeverageco,website redesign;hiring,LinkedIn Company Search,"Highland Beverage Co is a craft beverage business based in Kansas City, MO, operating in the food & beverage space since 2008."
268,Cascade Works,Manufacturing,Metal Fabrication,Tucson,AZ,https://www.cascadeworks.com,(108) 704-8218,info@cascadeworks.com,30,5680000,1998,https://www.linkedin.com/company/cascadeworks,hiring,LinkedIn Company Search,"Cascade Works is a metal fabrication business based in Tucson, AZ, operating in the manufacturing space since 1998."
269,Riverside Auto Group,Automotive Services,Car Wash Chain,Salt Lake City,UT,https://www.riversideautogroup.com,(979) 509-6100,info@riversideautogroup.com,179,39540000,1989,,press mention;website redesign,State Business Registry,"Riverside Auto Group is a car wash chain business based in Salt Lake City, UT, operating in the automotive services space since 1989."
270,Westbrook Advisors,Professional Services,Staffing Agency,Charlotte,NC,https://www.westbrookadvisors.com,(288) 126-3068,info@westbrookadvisors.com,8,1230000,1980,,,State Business Registry,"Westbrook Advisors is a staffing agency business based in Charlotte, NC, operating in the professional services space since 1980."
271,Westbrook Technologies,IT Services & MSP,Managed IT,Phoenix,AZ,https://www.westbrooktechnologies.com,(966) 396-7034,info@westbrooktechnologies.com,88,8530000,1977,https://www.linkedin.com/company/westbrooktechnologies,new location opened,LinkedIn Company Search,"Westbrook Technologies is a managed it business based in Phoenix, AZ, operating in the it services & msp space since 1977."
272,Granite Manufacturing,Manufacturing,Metal Fabrication,Kansas City,MO,,(538) 436-3179,,212,46760000,1980,,,Industry Directory,"Granite Manufacturing is a metal fabrication business based in Kansas City, MO, operating in the manufacturing space since 1980."
273,Ironwood Health Partners,Healthcare Services,Home Health Care,Phoenix,AZ,https://www.ironwoodhealthpartners.com,(577) 657-1883,info@ironwoodhealthpartners.com,8,2140000,1987,https://www.linkedin.com/company/ironwoodhealthpartners,new location opened;recent leadership change,Google Maps,"Ironwood Health Partners is a home health care business based in Phoenix, AZ, operating in the healthcare services space since 1987."
274,Westbrook Provisions,Food & Beverage,Commercial Bakery,Austin,TX,https://www.westbrookprovisions.com,(256) 482-8378,info@westbrookprovisions.com,46,10740000,2005,https://www.linkedin.com/company/westbrookprovisions,press mention;hiring,State Business Registry,"Westbrook Provisions is a commercial bakery business based in Austin, TX, operating in the food & beverage space since 2005."
275,Lakeside Consulting Group,Professional Services,Accounting Firm,Cincinnati,OH,https://www.lakesideconsultinggroup.com,(167) 831-5408,info@lakesideconsultinggroup.com,218,53730000,1997,https://www.linkedin.com/company/lakesideconsultinggroup,expanded service area;recent leadership change,Google Maps,"Lakeside Consulting Group is a accounting firm business based in Cincinnati, OH, operating in the professional services space since 1997."
276,Sterling Partners,Professional Services,Accounting Firm,Charlotte,NC,,(422) 152-5770,,112,27630000,1999,,recent leadership change;hiring;website redesign,State Business Registry,"Sterling Partners is a accounting firm business based in Charlotte, NC, operating in the professional services space since 1999."
277,Bluepeak Fleet Co,Automotive Services,Auto Repair,Milwaukee,WI,https://www.bluepeakfleetco.com,(539) 650-2676,info@bluepeakfleetco.com,129,22430000,2021,https://www.linkedin.com/company/bluepeakfleetco,,Industry Directory,"Bluepeak Fleet Co is a auto repair business based in Milwaukee, WI, operating in the automotive services space since 2021."
278,Bluepeak & Associates,Professional Services,Marketing Agency,Indianapolis,IN,https://www.bluepeakassociates.com,(759) 873-3955,info@bluepeakassociates.com,244,40860000,2017,,hiring;expanded service area;recent leadership change,State Business Registry,"Bluepeak & Associates is a marketing agency business based in Indianapolis, IN, operating in the professional services space since 2017."
279,Cedarbrook Partners,Professional Services,Law Firm,Portland,OR,https://www.cedarbrookpartners.com,(212) 860-2925,info@cedarbrookpartners.com,147,23090000,2019,,,State Business Registry,"Cedarbrook Partners is a law firm business based in Portland, OR, operating in the professional services space since 2019."
280,Cedarbrook Health Partners,Healthcare Services,Urgent Care,Denver,CO,https://www.cedarbrookhealthpartners.com,(977) 902-2274,info@cedarbrookhealthpartners.com,101,22890000,1999,https://www.linkedin.com/company/cedarbrookhealthpartners,hiring,Industry Directory,"Cedarbrook Health Partners is a urgent care business based in Denver, CO, operating in the healthcare services space since 1999."
281,Bluepeak Supply Co,Logistics & Distribution,Warehousing,Portland,OR,https://www.bluepeaksupplyco.com,(953) 684-3781,info@bluepeaksupplyco.com,235,24250000,2010,,hiring,LinkedIn Company Search,"Bluepeak Supply Co is a warehousing business based in Portland, OR, operating in the logistics & distribution space since 2010."
282,Lakeside Fleet Co,Automotive Services,Auto Repair,Raleigh,NC,https://www.lakesidefleetco.com,(132) 132-4277,info@lakesidefleetco.com,96,25790000,2004,,recent leadership change,Google Maps,"Lakeside Fleet Co is a auto repair business based in Raleigh, NC, operating in the automotive services space since 2004."
283,Lakeside Learning Group,Education & Training,Tutoring Services,Tampa,FL,https://www.lakesidelearninggroup.com,(609) 647-6710,info@lakesidelearninggroup.com,169,40230000,1997,https://www.linkedin.com/company/lakesidelearninggroup,website redesign;hiring,Industry Directory,"Lakeside Learning Group is a tutoring services business based in Tampa, FL, operating in the education & training space since 1997."
284,Union & Associates,Professional Services,Staffing Agency,Sacramento,CA,https://www.unionassociates.com,(695) 571-6915,info@unionassociates.com,137,29240000,1978,,expanded service area,Google Maps,"Union & Associates is a staffing agency business based in Sacramento, CA, operating in the professional services space since 1978."
285,Sterling Construction Group,Construction,Specialty Trades,Kansas City,MO,https://www.sterlingconstructiongroup.com,(589) 888-6179,info@sterlingconstructiongroup.com,157,16890000,2020,https://www.linkedin.com/company/sterlingconstructiongroup,website redesign;hiring,Google Maps,"Sterling Construction Group is a specialty trades business based in Kansas City, MO, operating in the construction space since 2020."
286,Vanguard Air Solutions,HVAC & Home Services,Electrical,Sacramento,CA,https://www.vanguardairsolutions.com,(931) 824-1843,info@vanguardairsolutions.com,78,19150000,1986,,new location opened;hiring,Industry Directory,"Vanguard Air Solutions is a electrical business based in Sacramento, CA, operating in the hvac & home services space since 1986."
287,Riverside Home Services,HVAC & Home Services,Plumbing,Omaha,NE,https://www.riversidehomeservices.com,(676) 837-6929,info@riversidehomeservices.com,14,2670000,2019,https://www.linkedin.com/company/riversidehomeservices,recent leadership change,Google Maps,"Riverside Home Services is a plumbing business based in Omaha, NE, operating in the hvac & home services space since 2019."
288,Apex Clinic Group,Healthcare Services,Home Health Care,Austin,TX,https://www.apexclinicgroup.com,(327) 514-7665,info@apexclinicgroup.com,205,25790000,1991,https://www.linkedin.com/company/apexclinicgroup,website redesign,Google Maps,"Apex Clinic Group is a home health care business based in Austin, TX, operating in the healthcare services space since 1991."
289,Pioneer Technologies,IT Services & MSP,Cloud Consulting,Tucson,AZ,https://www.pioneertechnologies.com,(148) 877-9467,info@pioneertechnologies.com,107,22190000,2003,https://www.linkedin.com/company/pioneertechnologies,,Industry Directory,"Pioneer Technologies is a cloud consulting business based in Tucson, AZ, operating in the it services & msp space since 2003."
290,Meridian Consulting Group,Professional Services,Law Firm,Charlotte,NC,https://www.meridianconsultinggroup.com,(486) 427-6609,info@meridianconsultinggroup.com,97,15620000,1983,https://www.linkedin.com/company/meridianconsultinggroup,,Industry Directory,"Meridian Consulting Group is a law firm business based in Charlotte, NC, operating in the professional services space since 1983."
291,Westbrook Freight,Logistics & Distribution,Freight Brokerage,Austin,TX,https://www.westbrookfreight.com,,info@westbrookfreight.com,122,11230000,1991,,hiring;expanded service area,Google Maps,"Westbrook Freight is a freight brokerage business based in Austin, TX, operating in the logistics & distribution space since 1991."
292,Cascade & Associates,Professional Services,Accounting Firm,Kansas City,MO,https://www.cascadeassociates.com,(839) 275-5530,info@cascadeassociates.com,189,19830000,2001,https://www.linkedin.com/company/cascadeassociates,,State Business Registry,"Cascade & Associates is a accounting firm business based in Kansas City, MO, operating in the professional services space since 2001."
293,Vanguard Education Partners,Education & Training,Childcare,Denver,CO,https://www.vanguardeducationpartners.com,(832) 416-4309,info@vanguardeducationpartners.com,194,26210000,1976,https://www.linkedin.com/company/vanguardeducationpartners,recent leadership change;expanded service area,Industry Directory,"Vanguard Education Partners is a childcare business based in Denver, CO, operating in the education & training space since 1976."
294,Highland Freight,Logistics & Distribution,Freight Brokerage,Tampa,FL,https://www.highlandfreight.com,(438) 102-5790,info@highlandfreight.com,225,35300000,1997,https://www.linkedin.com/company/highlandfreight,hiring,LinkedIn Company Search,"Highland Freight is a freight brokerage business based in Tampa, FL, operating in the logistics & distribution space since 1997."
295,Anchor Kitchen Co,Food & Beverage,Food Distribution,Denver,CO,https://www.anchorkitchenco.com,(200) 952-6495,info@anchorkitchenco.com,79,17640000,2005,,recent leadership change;new location opened;hiring,Industry Directory,"Anchor Kitchen Co is a food distribution business based in Denver, CO, operating in the food & beverage space since 2005."
296,Lakeside Academy,Education & Training,Tutoring Services,Boise,ID,https://www.lakesideacademy.com,(692) 111-4939,info@lakesideacademy.com,9,1460000,2005,,press mention,Industry Directory,"Lakeside Academy is a tutoring services business based in Boise, ID, operating in the education & training space since 2005."
297,Apex Works,Manufacturing,Packaging,Richmond,VA,https://www.apexworks.com,(816) 290-6163,info@apexworks.com,20,3030000,2008,https://www.linkedin.com/company/apexworks,website redesign,LinkedIn Company Search,"Apex Works is a packaging business based in Richmond, VA, operating in the manufacturing space since 2008."
298,Sterling Home Services,HVAC & Home Services,Electrical,Phoenix,AZ,https://www.sterlinghomeservices.com,(146) 436-8583,info@sterlinghomeservices.com,15,3180000,2018,https://www.linkedin.com/company/sterlinghomeservices,hiring;expanded service area,LinkedIn Company Search,"Sterling Home Services is a electrical business based in Phoenix, AZ, operating in the hvac & home services space since 2018."
299,Crestline Wellness,Healthcare Services,Urgent Care,Richmond,VA,https://www.crestlinewellness.com,(446) 324-6747,info@crestlinewellness.com,25,6040000,2011,https://www.linkedin.com/company/crestlinewellness,recent leadership change;press mention,Google Maps,"Crestline Wellness is a urgent care business based in Richmond, VA, operating in the healthcare services space since 2011."
300,Anchor Contracting,Construction,Landscaping,Kansas City,MO,https://www.anchorcontracting.com,(299) 938-3664,info@anchorcontracting.com,56,9090000,1992,https://www.linkedin.com/company/anchorcontracting,hiring,Industry Directory,"Anchor Contracting is a landscaping business based in Kansas City, MO, operating in the construction space since 1992."
301,Redstone IT Group,IT Services & MSP,Managed IT,Raleigh,NC,https://www.redstoneitgroup.com,,info@redstoneitgroup.com,47,5190000,2016,https://www.linkedin.com/company/redstoneitgroup,website redesign,State Business Registry,"Redstone IT Group is a managed it business based in Raleigh, NC, operating in the it services & msp space since 2016."
302,Pioneer Works,Manufacturing,Industrial Equipment,Boise,ID,https://www.pioneerworks.com,(480) 219-2972,info@pioneerworks.com,47,7140000,1993,https://www.linkedin.com/company/pioneerworks,press mention,Industry Directory,"Pioneer Works is a industrial equipment business based in Boise, ID, operating in the manufacturing space since 1993."
303,Meridian Technologies,IT Services & MSP,Cybersecurity,Phoenix,AZ,https://www.meridiantechnologies.com,(266) 437-6591,info@meridiantechnologies.com,63,15510000,1987,https://www.linkedin.com/company/meridiantechnologies,hiring;expanded service area,LinkedIn Company Search,"Meridian Technologies is a cybersecurity business based in Phoenix, AZ, operating in the it services & msp space since 1987."
304,Apex Advisors,Professional Services,Marketing Agency,Tampa,FL,https://www.apexadvisors.com,(268) 369-5749,info@apexadvisors.com,194,47250000,1983,https://www.linkedin.com/company/apexadvisors,website redesign;expanded service area;new location opened,LinkedIn Company Search,"Apex Advisors is a marketing agency business based in Tampa, FL, operating in the professional services space since 1983."
305,Sterling Consulting Group,Professional Services,Marketing Agency,Boise,ID,https://www.sterlingconsultinggroup.com,(179) 856-8414,info@sterlingconsultinggroup.com,36,7790000,2012,https://www.linkedin.com/company/sterlingconsultinggroup,hiring;press mention,Industry Directory,"Sterling Consulting Group is a marketing agency business based in Boise, ID, operating in the professional services space since 2012."
306,Apex Freight,Logistics & Distribution,Warehousing,Austin,TX,https://www.apexfreight.com,(855) 380-8607,info@apexfreight.com,17,2400000,1998,https://www.linkedin.com/company/apexfreight,new location opened;press mention,State Business Registry,"Apex Freight is a warehousing business based in Austin, TX, operating in the logistics & distribution space since 1998."
307,Cascade Fabrication,Manufacturing,Packaging,Boise,ID,https://www.cascadefabrication.com,(780) 219-4626,info@cascadefabrication.com,150,18620000,1991,,hiring;expanded service area,State Business Registry,"Cascade Fabrication is a packaging business based in Boise, ID, operating in the manufacturing space since 1991."
308,Apex Industrial,Manufacturing,Metal Fabrication,Salt Lake City,UT,https://www.apexindustrial.com,(951) 641-6814,info@apexindustrial.com,28,4310000,1978,https://www.linkedin.com/company/apexindustrial,new location opened,Industry Directory,"Apex Industrial is a metal fabrication business based in Salt Lake City, UT, operating in the manufacturing space since 1978."
309,Cascade Auto Group,Automotive Services,Auto Repair,Cincinnati,OH,https://www.cascadeautogroup.com,(188) 503-3744,info@cascadeautogroup.com,232,55380000,1977,https://www.linkedin.com/company/cascadeautogroup,,LinkedIn Company Search,"Cascade Auto Group is a auto repair business based in Cincinnati, OH, operating in the automotive services space since 1977."
310,Timber Fabrication,Manufacturing,Metal Fabrication,Omaha,NE,,(370) 941-4103,,82,20090000,2022,https://www.linkedin.com/company/timberfabrication,new location opened,State Business Registry,"Timber Fabrication is a metal fabrication business based in Omaha, NE, operating in the manufacturing space since 2022."
311,Granite Works,Manufacturing,Precision Machining,Salt Lake City,UT,,(344) 477-2706,,38,4350000,1980,,new location opened;recent leadership change,LinkedIn Company Search,"Granite Works is a precision machining business based in Salt Lake City, UT, operating in the manufacturing space since 1980."
312,Riverside Auto Group,Automotive Services,Auto Repair,Nashville,TN,https://www.riversideautogroup.com,(132) 576-4395,info@riversideautogroup.com,52,13630000,2009,https://www.linkedin.com/company/riversideautogroup,,State Business Registry,"Riverside Auto Group is a auto repair business based in Nashville, TN, operating in the automotive services space since 2009."
313,Granite Distribution,Logistics & Distribution,Freight Brokerage,Cincinnati,OH,https://www.granitedistribution.com,(839) 902-4970,info@granitedistribution.com,163,15660000,1977,,new location opened;hiring;press mention,Google Maps,"Granite Distribution is a freight brokerage business based in Cincinnati, OH, operating in the logistics & distribution space since 1977."
314,Lakeside IT Group,IT Services & MSP,Software Support,Nashville,TN,https://www.lakesideitgroup.com,(453) 130-1881,info@lakesideitgroup.com,148,36150000,2017,https://www.linkedin.com/company/lakesideitgroup,website redesign;hiring,State Business Registry,"Lakeside IT Group is a software support business based in Nashville, TN, operating in the it services & msp space since 2017."
315,Bluepeak Distribution,Logistics & Distribution,Wholesale Distribution,Kansas City,MO,https://www.bluepeakdistribution.com,(895) 656-2247,info@bluepeakdistribution.com,31,8130000,2021,https://www.linkedin.com/company/bluepeakdistribution,press mention,Industry Directory,"Bluepeak Distribution is a wholesale distribution business based in Kansas City, MO, operating in the logistics & distribution space since 2021."
316,Northgate Motorworks,Automotive Services,Auto Parts Distribution,Portland,OR,https://www.northgatemotorworks.com,(439) 940-9214,info@northgatemotorworks.com,84,21450000,1998,https://www.linkedin.com/company/northgatemotorworks,,Google Maps,"Northgate Motorworks is a auto parts distribution business based in Portland, OR, operating in the automotive services space since 1998."
317,Cedarbrook Contracting,Construction,Specialty Trades,Cincinnati,OH,https://www.cedarbrookcontracting.com,(943) 833-9392,info@cedarbrookcontracting.com,160,36420000,1987,,,State Business Registry,"Cedarbrook Contracting is a specialty trades business based in Cincinnati, OH, operating in the construction space since 1987."
318,Union Development,Construction,General Contracting,Sacramento,CA,https://www.uniondevelopment.com,(982) 218-8089,info@uniondevelopment.com,195,18020000,1999,https://www.linkedin.com/company/uniondevelopment,website redesign,Google Maps,"Union Development is a general contracting business based in Sacramento, CA, operating in the construction space since 1999."
319,Union Industrial,Manufacturing,Packaging,Columbus,OH,https://www.unionindustrial.com,(323) 724-3871,info@unionindustrial.com,78,16960000,1994,https://www.linkedin.com/company/unionindustrial,,LinkedIn Company Search,"Union Industrial is a packaging business based in Columbus, OH, operating in the manufacturing space since 1994."
320,Granite Systems,IT Services & MSP,Cloud Consulting,Boise,ID,https://www.granitesystems.com,(945) 346-4762,info@granitesystems.com,136,35720000,2014,https://www.linkedin.com/company/granitesystems,,Google Maps,"Granite Systems is a cloud consulting business based in Boise, ID, operating in the it services & msp space since 2014."